vectors,method,scenario,seed,images_per_class,fitted_vectors,status,error,fit_seconds,val_macro_f1,macro_f1,multiclass_gmean,balanced_accuracy,accuracy,recall_tumor,recall_stroma,recall_complex,recall_lympho,recall_debris,recall_mucosa,recall_adipose,recall_empty
polygarbor,pmd_l3_standardized,few1,42,1,8,undefined,IndexError: tuple index out of range,,,,,,,,,,,,,,
polygarbor,pmd_l1_standardized,few1,42,1,8,undefined,IndexError: tuple index out of range,,,,,,,,,,,,,,
polygarbor,pmd_l3_standardized,few2,42,2,16,complete,,0.005100971000501886,0.2379357389880436,0.26150224943354183,0.0,0.3333264452000699,0.332,0.417910447761194,0.603448275862069,0.29411764705882354,0.0,0.5441176470588235,0.0,0.8070175438596491,0.0
polygarbor,pmd_l1_standardized,few2,42,2,16,complete,,0.005433735001133755,0.2379357389880436,0.26150224943354183,0.0,0.3333264452000699,0.332,0.417910447761194,0.603448275862069,0.29411764705882354,0.0,0.5441176470588235,0.0,0.8070175438596491,0.0
polygarbor,pmd_l3_standardized,few5,42,5,40,complete,,0.009554178002872504,0.4098867565032489,0.4570612951759144,0.0,0.4997189733901653,0.488,0.5671641791044776,0.8103448275862069,0.1323529411764706,0.0,0.5588235294117647,0.15,0.9824561403508771,0.7966101694915254
polygarbor,pmd_l1_standardized,few5,42,5,40,complete,,0.005788108999695396,0.35641941892649953,0.3589574138675906,0.0,0.41676995417572077,0.41,0.4925373134328358,0.7241379310344828,0.22058823529411764,0.0,0.5294117647058824,0.2833333333333333,0.9824561403508771,0.1016949152542373
polygarbor,pmd_l3_standardized,few10,42,10,80,complete,,0.012917743999423692,0.6521092624735711,0.6402863732242697,0.5720467313031588,0.6634050338235097,0.658,0.8208955223880597,0.7413793103448276,0.35294117647058826,0.5873015873015873,0.7058823529411765,0.13333333333333333,0.9824561403508771,0.9830508474576272
polygarbor,pmd_l1_standardized,few10,42,10,80,complete,,0.006014452999806963,0.5729045811477773,0.5738936030299323,0.5228448888940246,0.5908573767555008,0.584,0.7910447761194029,0.8275862068965517,0.3235294117647059,0.3968253968253968,0.5441176470588235,0.18333333333333332,0.9824561403508771,0.6779661016949152
polygarbor,pmd_l3_standardized,few20,42,20,160,complete,,0.02225820199964801,0.5881952999222897,0.5777967814475908,0.40916009018310606,0.62231458768126,0.61,0.40298507462686567,0.8620689655172413,0.35294117647058826,0.9841269841269841,0.4117647058823529,0.016666666666666666,0.9649122807017544,0.9830508474576272
polygarbor,pmd_l1_standardized,few20,42,20,160,complete,,0.008750642999075353,0.4904611564823903,0.517220162401099,0.4488392931708955,0.5183678012802404,0.508,0.4626865671641791,0.8103448275862069,0.11764705882352941,0.5555555555555556,0.45588235294117646,0.2833333333333333,0.6140350877192983,0.847457627118644
polygarbor,pmd_l3_standardized,few50,42,50,400,complete,,0.08013035399926594,0.7304810197198359,0.6975764607744547,0.6493970528873643,0.7175343485367897,0.704,0.746268656716418,0.9482758620689655,0.20588235294117646,0.9365079365079365,0.45588235294117646,0.6,1.0,0.847457627118644
polygarbor,pmd_l1_standardized,few50,42,50,400,complete,,0.012903859998914413,0.7183129647428916,0.7083588152003915,0.6884970656704309,0.7162101540334498,0.712,0.8507462686567164,0.8103448275862069,0.38235294117647056,0.8888888888888888,0.7058823529411765,0.5333333333333333,0.9649122807017544,0.5932203389830508
polygarbor,pmd_l3_standardized,few100,42,100,800,complete,,0.2133985290020064,0.7905952623309077,0.7592522675141105,0.7168594477914301,0.7785169589467837,0.766,0.6865671641791045,0.9137931034482759,0.22058823529411764,0.9682539682539683,0.7058823529411765,0.75,1.0,0.9830508474576272
polygarbor,pmd_l1_standardized,few100,42,100,800,complete,,0.014676949998829514,0.7984025110798124,0.7992238468583787,0.7891545846425048,0.8046832926940155,0.802,0.8805970149253731,0.8275862068965517,0.5,0.9365079365079365,0.8823529411764706,0.75,0.9824561403508771,0.6779661016949152
polygarbor,pmd_l3_standardized,full,42,500,2800,complete,,1.5975133510000887,0.8338542391585546,0.7852419400662032,0.75650667165632,0.8012052801557422,0.794,0.9104477611940298,1.0,0.35294117647058826,0.9682539682539683,0.7794117647058824,0.48333333333333334,1.0,0.9152542372881356
polygarbor,pmd_l1_standardized,full,42,500,2800,complete,,0.02717363500050851,0.8314116708193966,0.8131299105902154,0.8045323231485121,0.8167810665163044,0.814,0.9104477611940298,0.8620689655172413,0.5441176470588235,0.9206349206349206,0.8529411764705882,0.7666666666666667,0.9824561403508771,0.6949152542372882
polygarbor,pmd_l3_standardized,few1,43,1,8,undefined,IndexError: tuple index out of range,,,,,,,,,,,,,,
polygarbor,pmd_l1_standardized,few1,43,1,8,undefined,IndexError: tuple index out of range,,,,,,,,,,,,,,
polygarbor,pmd_l3_standardized,few2,43,2,16,complete,,0.004838988999836147,0.4850796993254799,0.45452280926878985,0.0,0.5065747337494699,0.49,0.582089552238806,0.8275862068965517,0.0,0.0,0.36764705882352944,0.5833333333333334,0.9122807017543859,0.7796610169491526
polygarbor,pmd_l1_standardized,few2,43,2,16,complete,,0.0047419580005225725,0.4850796993254799,0.45452280926878985,0.0,0.5065747337494699,0.49,0.582089552238806,0.8275862068965517,0.0,0.0,0.36764705882352944,0.5833333333333334,0.9122807017543859,0.7796610169491526
polygarbor,pmd_l3_standardized,few5,43,5,40,complete,,0.009102850999624934,0.4323118675496076,0.4132701844698695,0.2507989134375704,0.48323402211854904,0.462,0.014925373134328358,0.5862068965517241,0.029411764705882353,0.6031746031746031,0.20588235294117646,0.85,1.0,0.576271186440678
polygarbor,pmd_l1_standardized,few5,43,5,40,complete,,0.005748621999373427,0.3712352704714966,0.3673740757709112,0.2751297318011203,0.45016498384292264,0.434,0.04477611940298507,0.603448275862069,0.07352941176470588,0.6190476190476191,0.3088235294117647,0.85,1.0,0.1016949152542373
polygarbor,pmd_l3_standardized,few10,43,10,80,complete,,0.012505605001933873,0.5567473513359864,0.5443860597350929,0.3853974901600992,0.6173277154969912,0.596,0.029850746268656716,0.8103448275862069,0.07352941176470588,0.9523809523809523,0.4264705882352941,0.8833333333333333,1.0,0.7627118644067796
polygarbor,pmd_l1_standardized,few10,43,10,80,complete,,0.006114961001003394,0.5241244154513027,0.518562229116107,0.4053410822448227,0.5649692846787839,0.548,0.04477611940298507,0.8275862068965517,0.17647058823529413,0.9365079365079365,0.45588235294117646,0.36666666666666664,1.0,0.711864406779661
polygarbor,pmd_l3_standardized,few20,43,20,160,complete,,0.021254020000924356,0.7175396192966635,0.6719298018447436,0.628426180224217,0.7017827889942406,0.684,0.2537313432835821,0.8793103448275862,0.3088235294117647,0.8571428571428571,0.5,0.9,1.0,0.9152542372881356
polygarbor,pmd_l1_standardized,few20,43,20,160,complete,,0.008713151997653767,0.5096494686317513,0.5109016375476736,0.4754935904988394,0.5414355483342708,0.528,0.3880597014925373,0.8793103448275862,0.19117647058823528,0.746031746031746,0.3382352941176471,0.43333333333333335,0.9824561403508771,0.3728813559322034
polygarbor,pmd_l3_standardized,few50,43,50,400,complete,,0.06199492200175882,0.7434721510148574,0.7125302069533117,0.6683232021633706,0.7297230397970285,0.714,0.6417910447761194,0.9655172413793104,0.2647058823529412,0.9365079365079365,0.39705882352941174,0.7,1.0,0.9322033898305084
polygarbor,pmd_l1_standardized,few50,43,50,400,complete,,0.011748528999305563,0.736462836180634,0.7351571671797867,0.710167793059338,0.7467333850693261,0.742,0.7313432835820896,0.7068965517241379,0.3088235294117647,0.9365079365079365,0.9117647058823529,0.6666666666666666,1.0,0.711864406779661
polygarbor,pmd_l3_standardized,few100,43,100,800,complete,,0.19014723199870787,0.8231080345121224,0.7771789782059177,0.7530203645415177,0.7918159006669916,0.782,0.8208955223880597,0.9137931034482759,0.3088235294117647,0.9523809523809523,0.6911764705882353,0.8,1.0,0.847457627118644
polygarbor,pmd_l1_standardized,few100,43,100,800,complete,,0.016285088000586256,0.7956227649534486,0.7913048965290133,0.7814561585218847,0.7952569407532779,0.792,0.7910447761194029,0.7758620689655172,0.5147058823529411,0.9365079365079365,0.8823529411764706,0.7666666666666667,1.0,0.6949152542372882
polygarbor,pmd_l3_standardized,full,43,500,2800,complete,,1.4682528939993063,0.8548297709036861,0.8156540467831088,0.7943798422758312,0.8279886427545131,0.82,0.8805970149253731,1.0,0.36764705882352944,0.9682539682539683,0.8088235294117647,0.6833333333333333,1.0,0.9152542372881356
polygarbor,pmd_l1_standardized,full,43,500,2800,complete,,0.036345496999274474,0.830331867076107,0.8357542073950138,0.8302311246149408,0.83918461308196,0.836,0.8955223880597015,0.896551724137931,0.5882352941176471,0.9206349206349206,0.8676470588235294,0.8166666666666667,0.9824561403508771,0.7457627118644068
polygarbor_aug,pmd_l3_standardized,few1,42,1,32,complete,,0.010455604999151547,0.4348230516372401,0.4190699803176362,0.0,0.4603025880931159,0.44,0.19402985074626866,0.1206896551724138,0.1323529411764706,0.2698412698412698,0.0,1.0,0.9824561403508771,0.9830508474576272
polygarbor_aug,pmd_l1_standardized,few1,42,1,32,complete,,0.009113031999731902,0.4066154595317408,0.3649748084047234,0.0,0.41613144786250245,0.396,0.0,0.10344827586206896,0.10294117647058823,0.2222222222222222,0.07352941176470588,0.9666666666666667,0.8771929824561403,0.9830508474576272
polygarbor_aug,pmd_l3_standardized,few2,42,2,64,complete,,0.01364298499902361,0.42112688396242504,0.43512494584623945,0.0,0.46678145360532086,0.46,0.4626865671641791,0.603448275862069,0.20588235294117646,0.06349206349206349,0.6764705882352942,0.0,0.8070175438596491,0.9152542372881356
polygarbor_aug,pmd_l1_standardized,few2,42,2,64,complete,,0.009818508002354065,0.3295063794168961,0.3493724900114263,0.0,0.37583423916294567,0.37,0.3880597014925373,0.4827586206896552,0.3382352941176471,0.0,0.36764705882352944,0.0,0.6842105263157895,0.7457627118644068
polygarbor_aug,pmd_l3_standardized,few5,42,5,160,complete,,0.022439295000367565,0.42033384541588886,0.44140067831959195,0.0,0.4926450341596496,0.482,0.6567164179104478,0.7241379310344828,0.10294117647058823,0.0,0.5441176470588235,0.08333333333333333,0.9824561403508771,0.847457627118644
polygarbor_aug,pmd_l1_standardized,few5,42,5,160,complete,,0.008793918001174461,0.39358994820141796,0.3614315005853165,0.0,0.398302197496863,0.39,0.34328358208955223,0.5344827586206896,0.14705882352941177,0.0,0.5882352941176471,0.06666666666666667,0.9473684210526315,0.559322033898305
polygarbor_aug,pmd_l3_standardized,few10,42,10,320,complete,,0.054066093998699216,0.6231993028539519,0.6164983879828394,0.5249578785974819,0.6489423002826752,0.644,0.7910447761194029,0.6896551724137931,0.27941176470588236,0.6031746031746031,0.7794117647058824,0.08333333333333333,0.9824561403508771,0.9830508474576272
polygarbor_aug,pmd_l1_standardized,few10,42,10,320,complete,,0.01632834200063371,0.512165787562613,0.4726832698168972,0.40920905914019423,0.48444037791004935,0.472,0.417910447761194,0.5344827586206896,0.16176470588235295,0.3968253968253968,0.36764705882352944,0.18333333333333332,1.0,0.8135593220338984
polygarbor_aug,pmd_l3_standardized,few20,42,20,640,complete,,0.10919897799976752,0.558621827246171,0.5631080035465432,0.423134400224257,0.610015623144403,0.598,0.5074626865671642,0.8275862068965517,0.17647058823529413,0.9365079365079365,0.4852941176470588,0.03333333333333333,0.9473684210526315,0.9661016949152542
polygarbor_aug,pmd_l1_standardized,few20,42,20,640,complete,,0.013429968999844277,0.5428694294750249,0.5647572468001887,0.4972332441580534,0.5772864554285715,0.568,0.5970149253731343,0.8793103448275862,0.10294117647058823,0.7936507936507936,0.4852941176470588,0.38333333333333336,0.6140350877192983,0.7627118644067796
polygarbor_aug,pmd_l3_standardized,few50,42,50,1600,complete,,0.4771983850005199,0.6698520671382416,0.6562039553796151,0.5609486462968905,0.6889063052796858,0.674,0.7313432835820896,0.9482758620689655,0.07352941176470588,0.9047619047619048,0.45588235294117646,0.55,1.0,0.847457627118644
polygarbor_aug,pmd_l1_standardized,few50,42,50,1600,complete,,0.0334905620002246,0.7261789234614694,0.6869935424552689,0.6579324408152997,0.6980772092139115,0.692,0.8208955223880597,0.8620689655172413,0.27941176470588236,0.8571428571428571,0.6911764705882353,0.5333333333333333,0.9473684210526315,0.5932203389830508
polygarbor_aug,pmd_l3_standardized,few100,42,100,2800,complete,,1.1279621599969687,0.7836788177361914,0.7480952258629838,0.6854011264880753,0.7741142862392245,0.762,0.6716417910447762,0.9310344827586207,0.14705882352941177,0.9682539682539683,0.8088235294117647,0.7,1.0,0.9661016949152542
polygarbor_aug,pmd_l1_standardized,few100,42,100,2800,complete,,0.029518041999835987,0.7793416353285354,0.745739629876148,0.7287692077280626,0.7534560277860116,0.75,0.835820895522388,0.7931034482758621,0.38235294117647056,0.9047619047619048,0.8529411764705882,0.6333333333333333,0.9473684210526315,0.6779661016949152
polygarbor_aug,pmd_l3_standardized,full,42,500,2800,complete,,1.4415269759992952,0.8340776151166518,0.797365676870559,0.7737616368148452,0.8120572011265665,0.804,0.8656716417910447,0.9827586206896551,0.3382352941176471,0.9523809523809523,0.8088235294117647,0.6333333333333333,1.0,0.9152542372881356
polygarbor_aug,pmd_l1_standardized,full,42,500,2800,complete,,0.03580652000164264,0.8026735823094824,0.8051595153362774,0.7961471728073122,0.809494207294707,0.806,0.8656716417910447,0.8448275862068966,0.5294117647058824,0.9365079365079365,0.8382352941176471,0.7833333333333333,1.0,0.6779661016949152
polygarbor_aug,pmd_l3_standardized,few1,43,1,32,complete,,0.01079461200060905,0.36418811950261004,0.38068872790298747,0.0,0.40784145207256656,0.394,0.05970149253731343,0.5344827586206896,0.0,0.2857142857142857,0.5441176470588235,0.2,0.8421052631578947,0.7966101694915254
polygarbor_aug,pmd_l1_standardized,few1,43,1,32,complete,,0.0069156270001258235,0.2778140746526674,0.26958105391638093,0.0,0.32525140865625396,0.308,0.014925373134328358,0.6896551724137931,0.0,0.15873015873015872,0.25,0.16666666666666666,1.0,0.3220338983050847
polygarbor_aug,pmd_l3_standardized,few2,43,2,64,complete,,0.010005938001995673,0.4989580654167737,0.4685804475989237,0.0,0.5212421574474417,0.506,0.6865671641791045,0.8793103448275862,0.014705882352941176,0.0,0.36764705882352944,0.5333333333333333,0.8070175438596491,0.8813559322033898
polygarbor_aug,pmd_l1_standardized,few2,43,2,64,complete,,0.0059918970000580885,0.44820284358696294,0.4090036687749526,0.0,0.4643549087682911,0.448,0.44776119402985076,0.5517241379310345,0.029411764705882353,0.0,0.3088235294117647,0.75,1.0,0.6271186440677966
polygarbor_aug,pmd_l3_standardized,few5,43,5,160,complete,,0.021072147999802837,0.4699560430621355,0.4470777123080074,0.3254146752852886,0.4997869709235323,0.48,0.08955223880597014,0.3275862068965517,0.04411764705882353,0.6031746031746031,0.22058823529411764,0.9166666666666666,1.0,0.7966101694915254
polygarbor_aug,pmd_l1_standardized,few5,43,5,160,complete,,0.007892303001426626,0.45538571084606083,0.45454314347792946,0.28373354551378416,0.505242657542327,0.488,0.014925373134328358,0.39655172413793105,0.04411764705882353,0.5555555555555556,0.5,0.6833333333333333,1.0,0.847457627118644
polygarbor_aug,pmd_l3_standardized,few10,43,10,320,complete,,0.04619843600085005,0.5704758606624977,0.5473231395353029,0.3528252614243882,0.6224763636957992,0.602,0.029850746268656716,0.7586206896551724,0.029411764705882353,0.9206349206349206,0.5441176470588235,0.8666666666666667,1.0,0.8305084745762712
polygarbor_aug,pmd_l1_standardized,few10,43,10,320,complete,,0.011488481999549549,0.5221299599038904,0.4828293465767306,0.3484164568916606,0.5345635533742212,0.52,0.1044776119402985,0.6724137931034483,0.058823529411764705,0.7301587301587301,0.6617647058823529,0.11666666666666667,1.0,0.9322033898305084
polygarbor_aug,pmd_l3_standardized,few20,43,20,640,complete,,0.10293324200029019,0.7041811472967877,0.6529186368924778,0.6002196347456461,0.6836601547973127,0.668,0.23880597014925373,0.7241379310344828,0.22058823529411764,0.8253968253968254,0.6617647058823529,0.8833333333333333,1.0,0.9152542372881356
polygarbor_aug,pmd_l1_standardized,few20,43,20,640,complete,,0.015487501997995423,0.572914250538831,0.5566582201780361,0.4915347668816037,0.5895478447667835,0.582,0.3880597014925373,0.8103448275862069,0.11764705882352941,0.7777777777777778,0.8676470588235294,0.25,0.8947368421052632,0.6101694915254238
polygarbor_aug,pmd_l3_standardized,few50,43,50,1600,complete,,0.3560901649980224,0.7406365485672435,0.7151709602549166,0.6725479985766925,0.7341943481452644,0.722,0.7014925373134329,0.8793103448275862,0.20588235294117646,0.9206349206349206,0.6176470588235294,0.6333333333333333,1.0,0.9152542372881356
polygarbor_aug,pmd_l1_standardized,few50,43,50,1600,complete,,0.019402956000703853,0.7491176180060488,0.7326435391446914,0.7035418844318929,0.7412773121786842,0.736,0.7910447761194029,0.7758620689655172,0.29411764705882354,0.873015873015873,0.8676470588235294,0.6166666666666667,1.0,0.711864406779661
polygarbor_aug,pmd_l3_standardized,few100,43,100,2800,complete,,1.0300522840007034,0.7728876169159802,0.7487458171608858,0.710038678188822,0.7677165793566045,0.758,0.835820895522388,0.896551724137931,0.22058823529411764,0.9523809523809523,0.7058823529411765,0.7,1.0,0.8305084745762712
polygarbor_aug,pmd_l1_standardized,few100,43,100,2800,complete,,0.02631611800097744,0.7935115419334633,0.785024724102642,0.7720419762079583,0.7888522700326994,0.786,0.8507462686567164,0.7586206896551724,0.47058823529411764,0.8888888888888888,0.8970588235294118,0.75,1.0,0.6949152542372882
polygarbor_aug,pmd_l3_standardized,full,43,500,2800,complete,,1.4319633470004192,0.8119822805845177,0.7853000563114079,0.752380888861802,0.8024226562504645,0.792,0.7910447761194029,0.9482758620689655,0.2647058823529412,0.9365079365079365,0.7794117647058824,0.7333333333333333,1.0,0.9661016949152542
polygarbor_aug,pmd_l1_standardized,full,43,500,2800,complete,,0.030589125002734363,0.7919795999554273,0.8033427378893532,0.7936664456998231,0.8081886487736578,0.806,0.8656716417910447,0.7931034482758621,0.5147058823529411,0.9365079365079365,0.9117647058823529,0.7833333333333333,0.9824561403508771,0.6779661016949152
