method,seed,variant,evaluation,n,tflite_bytes,conversion_seconds,evaluation_seconds,accuracy,macro_f1,multiclass_gmean,balanced_accuracy,original_macro_f1,delta_macro_f1_vs_original,agreement_with_original,agreement_with_fp32,max_raw_row_sum_error,recall_tumor,recall_stroma,recall_complex,recall_lympho,recall_debris,recall_mucosa,recall_adipose,recall_empty
resnet18,42,fp32,test_clean,500,44715460,5.755471287993714,2.2388925219420344,0.906,0.9052183436240924,0.8976439302040289,0.9062096158586956,0.9052183436240924,0.0,1.0,1.0,2.384185791015625e-07,0.9701492537313432,0.6379310344827587,0.8676470588235294,0.9523809523809524,0.8382352941176471,0.9833333333333332,1.0,1.0
resnet18,42,fp32,test_blur,500,44715460,5.755471287993714,2.2366266679018736,0.76,0.7604397180953391,0.730108223647374,0.771323544586998,0.7604397180953391,0.0,1.0,1.0,2.384185791015625e-07,0.9552238805970148,0.8275862068965517,0.3823529411764705,0.6190476190476191,0.4705882352941176,0.9333333333333332,0.9824561403508772,1.0
resnet18,42,fp32,test_noise,500,44715460,5.755471287993714,2.2369416339788586,0.894,0.8908638582357886,0.8764636601848448,0.892934207908588,0.8908638582357886,0.0,1.0,1.0,2.384185791015625e-07,0.9552238805970148,0.5172413793103449,0.8823529411764706,0.9523809523809524,0.8529411764705882,0.9833333333333332,1.0,1.0
resnet18,42,fp32,test_brightness,500,44715460,5.755471287993714,2.2430232210317627,0.746,0.7367178727855985,0.6797490751597839,0.7467774091018065,0.7367178727855985,0.0,1.0,1.0,2.384185791015625e-07,0.6865671641791045,0.2241379310344827,0.9411764705882352,0.9206349206349206,0.4411764705882353,0.8833333333333333,0.8771929824561403,1.0
resnet18,42,fp32,test_color,500,44715460,5.755471287993714,2.189854696043767,0.358,0.2692934989963009,0.0,0.3461638759981604,0.2692934989963009,0.0,1.0,1.0,1.1920928955078125e-07,0.417910447761194,0.0,0.8382352941176471,0.9523809523809524,0.0441176470588235,0.5166666666666667,0.0,0.0
resnet18,42,fp32,test_jpeg,500,44715460,5.755471287993714,2.2473836470162496,0.84,0.8403697107166419,0.8225450994732811,0.8391335153893432,0.8403697107166419,0.0,1.0,1.0,2.384185791015625e-07,0.9850746268656716,0.5344827586206896,0.75,0.6984126984126984,0.9117647058823528,0.8333333333333334,1.0,1.0
resnet18,42,fp32,test_resolution,500,44715460,5.755471287993714,2.3874090251047164,0.66,0.6397911698634045,0.5694289714945996,0.6744420046146873,0.6403010105199036,-0.0005098406564991,0.998,1.0,2.384185791015625e-07,0.9552238805970148,0.7931034482758621,0.1911764705882352,0.2539682539682539,0.3529411764705882,0.8666666666666667,0.9824561403508772,1.0
resnet18,42,fp32,test_occlusion,500,44715460,5.755471287993714,2.250045906053856,0.892,0.891947168216289,0.8850669868579906,0.8928769264610974,0.891947168216289,0.0,1.0,1.0,1.788139343261719e-07,0.9701492537313432,0.6551724137931034,0.8529411764705882,0.9206349206349206,0.7941176470588235,0.95,1.0,1.0
resnet18,42,fp32,test_rotation,500,44715460,5.755471287993714,2.260611644014716,0.89,0.8879021174545176,0.8785325740547743,0.8901514896439022,0.8879021174545176,0.0,1.0,1.0,1.788139343261719e-07,0.9701492537313432,0.5862068965517241,0.8529411764705882,0.9206349206349206,0.8088235294117647,1.0,0.9824561403508772,1.0
resnet18,42,fp16_weights,test_clean,500,22375776,0.1374665849143639,2.2473458680324256,0.906,0.9052183436240924,0.8976439302040289,0.9062096158586956,0.9052183436240924,0.0,1.0,1.0,1.788139343261719e-07,0.9701492537313432,0.6379310344827587,0.8676470588235294,0.9523809523809524,0.8382352941176471,0.9833333333333332,1.0,1.0
resnet18,42,fp16_weights,test_blur,500,22375776,0.1374665849143639,2.22788472508546,0.76,0.7604397180953391,0.730108223647374,0.771323544586998,0.7604397180953391,0.0,1.0,1.0,2.384185791015625e-07,0.9552238805970148,0.8275862068965517,0.3823529411764705,0.6190476190476191,0.4705882352941176,0.9333333333333332,0.9824561403508772,1.0
resnet18,42,fp16_weights,test_noise,500,22375776,0.1374665849143639,2.216752244043164,0.894,0.8908638582357886,0.8764636601848448,0.892934207908588,0.8908638582357886,0.0,1.0,1.0,1.788139343261719e-07,0.9552238805970148,0.5172413793103449,0.8823529411764706,0.9523809523809524,0.8529411764705882,0.9833333333333332,1.0,1.0
resnet18,42,fp16_weights,test_brightness,500,22375776,0.1374665849143639,2.239929793053306,0.746,0.7367178727855985,0.6797490751597839,0.7467774091018065,0.7367178727855985,0.0,1.0,1.0,1.1920928955078125e-07,0.6865671641791045,0.2241379310344827,0.9411764705882352,0.9206349206349206,0.4411764705882353,0.8833333333333333,0.8771929824561403,1.0
resnet18,42,fp16_weights,test_color,500,22375776,0.1374665849143639,2.2398791409796104,0.358,0.2692934989963009,0.0,0.3461638759981604,0.2692934989963009,0.0,1.0,1.0,1.1920928955078125e-07,0.417910447761194,0.0,0.8382352941176471,0.9523809523809524,0.0441176470588235,0.5166666666666667,0.0,0.0
resnet18,42,fp16_weights,test_jpeg,500,22375776,0.1374665849143639,2.23185910389293,0.84,0.8403697107166419,0.8225450994732811,0.8391335153893432,0.8403697107166419,0.0,1.0,1.0,1.788139343261719e-07,0.9850746268656716,0.5344827586206896,0.75,0.6984126984126984,0.9117647058823528,0.8333333333333334,1.0,1.0
resnet18,42,fp16_weights,test_resolution,500,22375776,0.1374665849143639,2.2560839250218123,0.66,0.6397911698634045,0.5694289714945996,0.6744420046146873,0.6403010105199036,-0.0005098406564991,0.998,1.0,2.384185791015625e-07,0.9552238805970148,0.7931034482758621,0.1911764705882352,0.2539682539682539,0.3529411764705882,0.8666666666666667,0.9824561403508772,1.0
resnet18,42,fp16_weights,test_occlusion,500,22375776,0.1374665849143639,2.239886182011105,0.892,0.891947168216289,0.8850669868579906,0.8928769264610974,0.891947168216289,0.0,1.0,1.0,1.788139343261719e-07,0.9701492537313432,0.6551724137931034,0.8529411764705882,0.9206349206349206,0.7941176470588235,0.95,1.0,1.0
resnet18,42,fp16_weights,test_rotation,500,22375776,0.1374665849143639,2.336873859050684,0.89,0.8879021174545176,0.8785325740547743,0.8901514896439022,0.8879021174545176,0.0,1.0,1.0,2.384185791015625e-07,0.9701492537313432,0.5862068965517241,0.8529411764705882,0.9206349206349206,0.8088235294117647,1.0,0.9824561403508772,1.0
resnet18,42,int8_dynamic,test_clean,500,11260656,0.0429744200082495,0.6698590799933299,0.906,0.905375443549982,0.8976439302040289,0.9062096158586956,0.9052183436240924,0.0001570999258895,0.998,0.998,2.384185791015625e-07,0.9701492537313432,0.6379310344827587,0.8676470588235294,0.9523809523809524,0.8382352941176471,0.9833333333333332,1.0,1.0
resnet18,42,int8_dynamic,test_blur,500,11260656,0.0429744200082495,0.6769748820224777,0.766,0.7662784071285562,0.7377849988042458,0.7773010792790358,0.7604397180953391,0.0058386890332171,0.99,0.99,1.788139343261719e-07,0.9552238805970148,0.8448275862068966,0.3970588235294117,0.6349206349206349,0.4705882352941176,0.9333333333333332,0.9824561403508772,1.0
resnet18,42,int8_dynamic,test_noise,500,11260656,0.0429744200082495,0.6639208450214937,0.892,0.8889220603976045,0.8746242395168629,0.8910959726144704,0.8908638582357886,-0.0019417978381841,0.998,0.998,2.384185791015625e-07,0.9552238805970148,0.5172413793103449,0.8676470588235294,0.9523809523809524,0.8529411764705882,0.9833333333333332,1.0,1.0
resnet18,42,int8_dynamic,test_brightness,500,11260656,0.0429744200082495,0.6687147279735655,0.738,0.7285253767027948,0.6677735702276197,0.7389534517611074,0.7367178727855985,-0.0081924960828037,0.988,0.988,2.384185791015625e-07,0.6567164179104478,0.2068965517241379,0.9264705882352942,0.9365079365079364,0.4411764705882353,0.8666666666666667,0.8771929824561403,1.0
resnet18,42,int8_dynamic,test_color,500,11260656,0.0429744200082495,0.6678163360338658,0.354,0.2650911115793329,0.0,0.342214871023036,0.2692934989963009,-0.0042023874169679,0.99,0.99,1.1920928955078125e-07,0.4029850746268656,0.0,0.8382352941176471,0.9523809523809524,0.0441176470588235,0.5,0.0,0.0
resnet18,42,int8_dynamic,test_jpeg,500,11260656,0.0429744200082495,0.6718674279982224,0.84,0.8403643420104175,0.8225450994732811,0.8391335153893432,0.8403697107166419,-5.368706224362363e-06,0.998,0.998,1.788139343261719e-07,0.9850746268656716,0.5344827586206896,0.75,0.6984126984126984,0.9117647058823528,0.8333333333333334,1.0,1.0
resnet18,42,int8_dynamic,test_resolution,500,11260656,0.0429744200082495,0.6586233030539006,0.664,0.6457195437982333,0.5808557288609566,0.6785561502729506,0.6403010105199036,0.0054185332783296,0.986,0.988,1.788139343261719e-07,0.9552238805970148,0.7931034482758621,0.2058823529411764,0.3015873015873015,0.3235294117647059,0.8666666666666667,0.9824561403508772,1.0
resnet18,42,int8_dynamic,test_occlusion,500,11260656,0.0429744200082495,0.6537650059908628,0.896,0.8958333279722572,0.888857510351649,0.896699288739342,0.891947168216289,0.0038861597559681,0.996,0.996,1.788139343261719e-07,0.9701492537313432,0.6551724137931034,0.8676470588235294,0.9365079365079364,0.7941176470588235,0.95,1.0,1.0
resnet18,42,int8_dynamic,test_rotation,500,11260656,0.0429744200082495,0.6481105131097138,0.882,0.8790221295587304,0.8667653530656868,0.8818203007607319,0.8879021174545176,-0.0088799878957872,0.992,0.992,1.788139343261719e-07,0.9552238805970148,0.5344827586206896,0.8529411764705882,0.9206349206349206,0.8088235294117647,1.0,0.9824561403508772,1.0
resnet18,42,int8_static,test_clean,500,11320240,3.1206434520427138,0.6673421249724925,0.914,0.913739249906428,0.9062274272081028,0.9139069305025148,0.9052183436240924,0.0085209062823354,0.99,0.99,0.00390625,0.9850746268656716,0.6551724137931034,0.8823529411764706,0.9523809523809524,0.8529411764705882,0.9833333333333332,1.0,1.0
resnet18,42,int8_static,test_blur,500,11320240,3.1206434520427138,0.6867798250168562,0.756,0.7560328436713668,0.7248198546621895,0.7672561533484645,0.7604397180953391,-0.0044068744239722,0.986,0.986,0.0078125,0.9701492537313432,0.8448275862068966,0.3676470588235294,0.6190476190476191,0.4705882352941176,0.8833333333333333,0.9824561403508772,1.0
resnet18,42,int8_static,test_noise,500,11320240,3.1206434520427138,0.6548051800346002,0.894,0.8909788058263228,0.87625688777987,0.89247144817783,0.8908638582357886,0.0001149475905342,0.992,0.992,0.00390625,0.9701492537313432,0.5172413793103449,0.8823529411764706,0.9523809523809524,0.8676470588235294,0.95,1.0,1.0
resnet18,42,int8_static,test_brightness,500,11320240,3.1206434520427138,0.6494034570641816,0.74,0.7335036048599344,0.6754660787986263,0.7402911172821198,0.7367178727855985,-0.0032142679256641,0.978,0.978,0.0078125,0.6716417910447762,0.2241379310344827,0.9411764705882352,0.9365079365079364,0.4558823529411764,0.8333333333333334,0.8596491228070176,1.0
resnet18,42,int8_static,test_color,500,11320240,3.1206434520427138,0.6762516979360953,0.352,0.2597951962732908,0.0,0.3382997477598004,0.2692934989963009,-0.00949830272301,0.946,0.946,0.00390625,0.4477611940298507,0.0,0.8823529411764706,0.984126984126984,0.0588235294117647,0.3333333333333333,0.0,0.0
resnet18,42,int8_static,test_jpeg,500,11320240,3.1206434520427138,0.7286363949533552,0.838,0.8383846485011188,0.8199969384681735,0.8368050840167942,0.8403697107166419,-0.001985062215523,0.99,0.99,0.0078125,0.9850746268656716,0.5344827586206896,0.75,0.6984126984126984,0.9264705882352942,0.8,1.0,1.0
resnet18,42,int8_static,test_resolution,500,11320240,3.1206434520427138,0.6916852029971778,0.65,0.624750224867165,0.5461341306015813,0.6644495996925194,0.6403010105199036,-0.0155507856527385,0.986,0.984,0.0078125,0.9701492537313432,0.7931034482758621,0.1911764705882352,0.1904761904761904,0.3382352941176471,0.85,0.9824561403508772,1.0
resnet18,42,int8_static,test_occlusion,500,11320240,3.1206434520427138,0.6693166639888659,0.898,0.8981241738206546,0.8906951399892334,0.898564960381133,0.891947168216289,0.0061770056043655,0.994,0.994,0.0078125,0.9850746268656716,0.6551724137931034,0.8529411764705882,0.9365079365079364,0.8088235294117647,0.95,1.0,1.0
resnet18,42,int8_static,test_rotation,500,11320240,3.1206434520427138,0.6516309999860823,0.888,0.8864930724945796,0.8767574985707813,0.8877238519221469,0.8879021174545176,-0.0014090449599379,0.99,0.99,0.00390625,0.9701492537313432,0.5862068965517241,0.8529411764705882,0.9365079365079364,0.8235294117647058,0.95,0.9824561403508772,1.0
resnet18,43,fp32,test_clean,500,44715460,3.5443189489888027,2.25115820101928,0.91,0.91031609930388,0.9035879293806348,0.9099395811780402,0.91031609930388,0.0,1.0,1.0,1.788139343261719e-07,0.9402985074626866,0.6724137931034483,0.8382352941176471,0.9523809523809524,0.9264705882352942,0.9666666666666668,1.0,0.9830508474576272
resnet18,43,fp32,test_blur,500,44715460,3.5443189489888027,2.225536230951548,0.752,0.7492178227647737,0.7193588350783977,0.7578442251080089,0.7471779086558941,0.0020399141088796,0.998,1.0,2.384185791015625e-07,0.8208955223880597,0.7586206896551724,0.4852941176470588,0.3492063492063492,0.8823529411764706,0.7833333333333333,1.0,0.9830508474576272
resnet18,43,fp32,test_noise,500,44715460,3.5443189489888027,2.255107628996484,0.908,0.9061522755013042,0.8956670655752296,0.906689988323228,0.9061522755013042,0.0,1.0,1.0,2.384185791015625e-07,0.9552238805970148,0.5862068965517241,0.8676470588235294,0.9682539682539684,0.9264705882352942,0.9666666666666668,1.0,0.9830508474576272
resnet18,43,fp32,test_brightness,500,44715460,3.5443189489888027,2.3431170460535213,0.766,0.7560507910968691,0.71730097658721,0.7650985729729043,0.7560507910968691,0.0,1.0,1.0,1.788139343261719e-07,0.7313432835820896,0.2586206896551724,0.7941176470588235,0.984126984126984,0.6911764705882353,0.7666666666666667,0.8947368421052632,1.0
resnet18,43,fp32,test_color,500,44715460,3.5443189489888027,2.3329964679433037,0.344,0.2671312956859244,0.0,0.3280179982440737,0.2671312956859244,0.0,1.0,1.0,1.788139343261719e-07,0.6417910447761194,0.0,0.5588235294117647,1.0,0.3235294117647059,0.1,0.0,0.0
resnet18,43,fp32,test_jpeg,500,44715460,3.5443189489888027,2.179086980991997,0.84,0.8400438637914864,0.813515492230118,0.8387971220397576,0.8375441222385513,0.002499741552935,0.998,1.0,1.788139343261719e-07,0.9552238805970148,0.4655172413793103,0.7794117647058824,0.6190476190476191,0.9411764705882352,0.95,1.0,1.0
resnet18,43,fp32,test_resolution,500,44715460,3.5443189489888027,2.218253548955545,0.672,0.6365914205506517,0.4959429339554376,0.6807335245059289,0.6347258633950931,0.0018655571555585,0.998,1.0,2.384185791015625e-07,0.8208955223880597,0.7758620689655172,0.3235294117647059,0.0317460317460317,0.7941176470588235,0.7166666666666667,1.0,0.9830508474576272
resnet18,43,fp32,test_occlusion,500,44715460,3.5443189489888027,2.231070071924478,0.886,0.8875034915930071,0.8811241832760507,0.8865980430702598,0.8875034915930071,0.0,1.0,1.0,1.788139343261719e-07,0.8805970149253731,0.6724137931034483,0.8529411764705882,0.9047619047619048,0.8823529411764706,0.9166666666666666,1.0,0.9830508474576272
resnet18,43,fp32,test_rotation,500,44715460,3.5443189489888027,2.287058430025354,0.912,0.91278795073305,0.9047059178407856,0.9118404944753676,0.91278795073305,0.0,1.0,1.0,2.384185791015625e-07,0.9402985074626866,0.6551724137931034,0.8676470588235294,0.9365079365079364,0.9117647058823528,0.9833333333333332,1.0,1.0
resnet18,43,fp16_weights,test_clean,500,22375776,0.0905796389561146,2.217838280950673,0.91,0.91031609930388,0.9035879293806348,0.9099395811780402,0.91031609930388,0.0,1.0,1.0,2.384185791015625e-07,0.9402985074626866,0.6724137931034483,0.8382352941176471,0.9523809523809524,0.9264705882352942,0.9666666666666668,1.0,0.9830508474576272
resnet18,43,fp16_weights,test_blur,500,22375776,0.0905796389561146,2.273540684953332,0.752,0.7492178227647737,0.7193588350783977,0.7578442251080089,0.7471779086558941,0.0020399141088796,0.998,1.0,2.384185791015625e-07,0.8208955223880597,0.7586206896551724,0.4852941176470588,0.3492063492063492,0.8823529411764706,0.7833333333333333,1.0,0.9830508474576272
resnet18,43,fp16_weights,test_noise,500,22375776,0.0905796389561146,2.177346832002513,0.908,0.9061522755013042,0.8956670655752296,0.906689988323228,0.9061522755013042,0.0,1.0,1.0,1.1920928955078125e-07,0.9552238805970148,0.5862068965517241,0.8676470588235294,0.9682539682539684,0.9264705882352942,0.9666666666666668,1.0,0.9830508474576272
resnet18,43,fp16_weights,test_brightness,500,22375776,0.0905796389561146,2.188465881976299,0.766,0.7560507910968691,0.71730097658721,0.7650985729729043,0.7560507910968691,0.0,1.0,1.0,2.384185791015625e-07,0.7313432835820896,0.2586206896551724,0.7941176470588235,0.984126984126984,0.6911764705882353,0.7666666666666667,0.8947368421052632,1.0
resnet18,43,fp16_weights,test_color,500,22375776,0.0905796389561146,2.227301705046557,0.344,0.2671312956859244,0.0,0.3280179982440737,0.2671312956859244,0.0,1.0,1.0,1.1920928955078125e-07,0.6417910447761194,0.0,0.5588235294117647,1.0,0.3235294117647059,0.1,0.0,0.0
resnet18,43,fp16_weights,test_jpeg,500,22375776,0.0905796389561146,2.203187481034547,0.84,0.8400438637914864,0.813515492230118,0.8387971220397576,0.8375441222385513,0.002499741552935,0.998,1.0,2.384185791015625e-07,0.9552238805970148,0.4655172413793103,0.7794117647058824,0.6190476190476191,0.9411764705882352,0.95,1.0,1.0
resnet18,43,fp16_weights,test_resolution,500,22375776,0.0905796389561146,2.198382359929383,0.672,0.6365914205506517,0.4959429339554376,0.6807335245059289,0.6347258633950931,0.0018655571555585,0.998,1.0,2.384185791015625e-07,0.8208955223880597,0.7758620689655172,0.3235294117647059,0.0317460317460317,0.7941176470588235,0.7166666666666667,1.0,0.9830508474576272
resnet18,43,fp16_weights,test_occlusion,500,22375776,0.0905796389561146,2.176339737954549,0.886,0.8875034915930071,0.8811241832760507,0.8865980430702598,0.8875034915930071,0.0,1.0,1.0,2.384185791015625e-07,0.8805970149253731,0.6724137931034483,0.8529411764705882,0.9047619047619048,0.8823529411764706,0.9166666666666666,1.0,0.9830508474576272
resnet18,43,fp16_weights,test_rotation,500,22375776,0.0905796389561146,2.2139571490697563,0.912,0.91278795073305,0.9047059178407856,0.9118404944753676,0.91278795073305,0.0,1.0,1.0,1.788139343261719e-07,0.9402985074626866,0.6551724137931034,0.8676470588235294,0.9365079365079364,0.9117647058823528,0.9833333333333332,1.0,1.0
resnet18,43,int8_dynamic,test_clean,500,11260656,0.0454552010633051,0.6731432490050793,0.912,0.9122951490190154,0.9055207841666612,0.9120229145113736,0.91031609930388,0.0019790497151352,0.998,0.998,1.788139343261719e-07,0.9402985074626866,0.6724137931034483,0.8382352941176471,0.9523809523809524,0.9264705882352942,0.9833333333333332,1.0,0.9830508474576272
resnet18,43,int8_dynamic,test_blur,500,11260656,0.0454552010633051,0.7182150969747454,0.75,0.747029093351786,0.716152028346146,0.7557164890418893,0.7471779086558941,-0.000148815304108,0.996,0.994,2.384185791015625e-07,0.835820895522388,0.7413793103448276,0.4705882352941176,0.3492063492063492,0.8823529411764706,0.7833333333333333,1.0,0.9830508474576272
resnet18,43,int8_dynamic,test_noise,500,11260656,0.0454552010633051,0.6860642910469323,0.908,0.9061522755013042,0.8956670655752296,0.906689988323228,0.9061522755013042,0.0,1.0,1.0,1.788139343261719e-07,0.9552238805970148,0.5862068965517241,0.8676470588235294,0.9682539682539684,0.9264705882352942,0.9666666666666668,1.0,0.9830508474576272
resnet18,43,int8_dynamic,test_brightness,500,11260656,0.0454552010633051,0.6921494510024786,0.766,0.7558544044642697,0.71730097658721,0.7650985729729043,0.7560507910968691,-0.0001963866325994,0.998,0.998,2.384185791015625e-07,0.7313432835820896,0.2586206896551724,0.7941176470588235,0.984126984126984,0.6911764705882353,0.7666666666666667,0.8947368421052632,1.0
resnet18,43,int8_dynamic,test_color,500,11260656,0.0454552010633051,0.6675989869982004,0.344,0.2674852361285729,0.0,0.3280179982440737,0.2671312956859244,0.0003539404426484,0.992,0.992,1.788139343261719e-07,0.6417910447761194,0.0,0.5588235294117647,1.0,0.3235294117647059,0.1,0.0,0.0
resnet18,43,int8_dynamic,test_jpeg,500,11260656,0.0454552010633051,0.6653871259186417,0.84,0.8400438637914864,0.813515492230118,0.8387971220397576,0.8375441222385513,0.002499741552935,0.998,1.0,2.384185791015625e-07,0.9552238805970148,0.4655172413793103,0.7794117647058824,0.6190476190476191,0.9411764705882352,0.95,1.0,1.0
resnet18,43,int8_dynamic,test_resolution,500,11260656,0.0454552010633051,0.700218404061161,0.668,0.6330881178733396,0.4933975526894725,0.6767401167980183,0.6347258633950931,-0.0016377455217534,0.998,0.996,1.788139343261719e-07,0.8208955223880597,0.7586206896551724,0.3235294117647059,0.0317460317460317,0.7794117647058824,0.7166666666666667,1.0,0.9830508474576272
resnet18,43,int8_dynamic,test_occlusion,500,11260656,0.0454552010633051,0.6835549059323967,0.886,0.8875034915930071,0.8811241832760507,0.8865980430702598,0.8875034915930071,0.0,1.0,1.0,2.384185791015625e-07,0.8805970149253731,0.6724137931034483,0.8529411764705882,0.9047619047619048,0.8823529411764706,0.9166666666666666,1.0,0.9830508474576272
resnet18,43,int8_dynamic,test_rotation,500,11260656,0.0454552010633051,0.6713950400007889,0.912,0.91278795073305,0.9047059178407856,0.9118404944753676,0.91278795073305,0.0,1.0,1.0,1.788139343261719e-07,0.9402985074626866,0.6551724137931034,0.8676470588235294,0.9365079365079364,0.9117647058823528,0.9833333333333332,1.0,1.0
resnet18,43,int8_static,test_clean,500,11320240,3.264732228941284,0.6530149200698361,0.908,0.9080453800376892,0.9006587953124363,0.9077844087642472,0.91031609930388,-0.0022707192661908,0.998,0.998,0.00390625,0.9402985074626866,0.6551724137931034,0.8382352941176471,0.9523809523809524,0.9264705882352942,0.9666666666666668,1.0,0.9830508474576272
resnet18,43,int8_static,test_blur,500,11320240,3.264732228941284,0.6532564630033448,0.742,0.7380823312773646,0.7056079139913998,0.7473090340200794,0.7471779086558941,-0.0090955773785295,0.98,0.982,0.0078125,0.8208955223880597,0.7413793103448276,0.5,0.3174603174603174,0.8823529411764706,0.7333333333333333,1.0,0.9830508474576272
resnet18,43,int8_static,test_noise,500,11320240,3.264732228941284,0.7104450450278819,0.906,0.903713695742794,0.8923310044155012,0.9045348159094352,0.9061522755013042,-0.0024385797585101,0.998,0.998,0.0078125,0.9552238805970148,0.5689655172413793,0.8676470588235294,0.9682539682539684,0.9264705882352942,0.9666666666666668,1.0,0.9830508474576272
resnet18,43,int8_static,test_brightness,500,11320240,3.264732228941284,0.6774055539863184,0.77,0.7627302790335428,0.7314593440671939,0.7692905315370814,0.7560507910968691,0.0066794879366737,0.972,0.972,0.0078125,0.7611940298507462,0.3103448275862069,0.7941176470588235,0.984126984126984,0.6764705882352942,0.7333333333333333,0.8947368421052632,1.0
resnet18,43,int8_static,test_color,500,11320240,3.264732228941284,0.6795266970293596,0.372,0.2910700263181672,0.0,0.3541081357916301,0.2671312956859244,0.0239387306322428,0.934,0.934,0.0078125,0.7014925373134329,0.0,0.6764705882352942,1.0,0.3382352941176471,0.1166666666666666,0.0,0.0
resnet18,43,int8_static,test_jpeg,500,11320240,3.264732228941284,0.6563125899992883,0.836,0.836114033589038,0.8090863009587493,0.8347296617222975,0.8375441222385513,-0.0014300886495133,0.994,0.996,0.00390625,0.9552238805970148,0.4655172413793103,0.7794117647058824,0.6031746031746031,0.9411764705882352,0.9333333333333332,1.0,1.0
resnet18,43,int8_static,test_resolution,500,11320240,3.264732228941284,0.674782132031396,0.672,0.636991599364552,0.4972416005277609,0.6804884264667133,0.6347258633950931,0.0022657359694588,0.994,0.992,0.0078125,0.8208955223880597,0.7758620689655172,0.3382352941176471,0.0317460317460317,0.7941176470588235,0.7,1.0,0.9830508474576272
resnet18,43,int8_static,test_occlusion,500,11320240,3.264732228941284,0.6761261899955571,0.888,0.8898065169883891,0.8839171169902813,0.888753215484053,0.8875034915930071,0.0023030253953819,0.994,0.994,0.00390625,0.8805970149253731,0.6896551724137931,0.8529411764705882,0.9047619047619048,0.8823529411764706,0.9166666666666666,1.0,0.9830508474576272
resnet18,43,int8_static,test_rotation,500,11320240,3.264732228941284,0.6783939340384677,0.912,0.91278795073305,0.9047059178407856,0.9118404944753676,0.91278795073305,0.0,1.0,1.0,0.0078125,0.9402985074626866,0.6551724137931034,0.8676470588235294,0.9365079365079364,0.9117647058823528,0.9833333333333332,1.0,1.0
resnet18_imagenet,42,fp32,test_clean,500,44715468,3.3525758660398424,2.327225344022736,0.97,0.9702941131933872,0.97067489269681,0.9710584507638438,0.9702941131933872,0.0,1.0,1.0,1.788139343261719e-07,0.9850746268656716,0.9655172413793104,0.9117647058823528,0.984126984126984,0.9558823529411764,1.0,1.0,0.9661016949152542
resnet18_imagenet,42,fp32,test_blur,500,44715468,3.3525758660398424,2.250348291010596,0.684,0.6595987532188778,0.5413695087045856,0.6934307451795808,0.6610689575090567,-0.0014702042901788,0.998,1.0,1.788139343261719e-07,0.7761194029850746,0.5862068965517241,0.0588235294117647,0.3492063492063492,0.8823529411764706,1.0,0.8947368421052632,1.0
resnet18_imagenet,42,fp32,test_noise,500,44715468,3.3525758660398424,2.2936799579765648,0.948,0.9488352088041664,0.9484231419550262,0.949993915205652,0.946880675640944,0.0019545331632224,0.998,1.0,2.384185791015625e-07,0.9850746268656716,0.913793103448276,0.8676470588235294,1.0,0.8676470588235294,0.9833333333333332,0.9824561403508772,1.0
resnet18_imagenet,42,fp32,test_brightness,500,44715468,3.3525758660398424,2.272058380069211,0.874,0.8703037817522267,0.8544293220265277,0.8706752434429903,0.8676731527168928,0.0026306290353338,0.998,1.0,1.788139343261719e-07,0.835820895522388,0.5172413793103449,0.8676470588235294,0.9523809523809524,0.9852941176470588,1.0,0.8070175438596491,1.0
resnet18_imagenet,42,fp32,test_color,500,44715468,3.3525758660398424,2.289161251042969,0.748,0.7442995353085906,0.7036532668585167,0.7489094414977935,0.7421959578735076,0.002103577435083,0.998,1.0,1.788139343261719e-07,0.7761194029850746,0.293103448275862,0.6617647058823529,0.984126984126984,0.5735294117647058,0.9833333333333332,0.7192982456140351,1.0
resnet18_imagenet,42,fp32,test_jpeg,500,44715468,3.3525758660398424,2.26062973390799,0.93,0.9305889667956252,0.9282754718651788,0.9302594022334634,0.9305889667956252,0.0,1.0,1.0,1.788139343261719e-07,0.9850746268656716,0.8448275862068966,0.8382352941176471,0.9047619047619048,0.9705882352941176,0.9833333333333332,1.0,0.9152542372881356
resnet18_imagenet,42,fp32,test_resolution,500,44715468,3.3525758660398424,2.222979678073898,0.668,0.6314077120627835,0.5178425193497297,0.6767247337170188,0.6347223499729988,-0.0033146379102153,0.998,1.0,1.788139343261719e-07,0.835820895522388,0.6551724137931034,0.1029411764705882,0.1269841269841269,0.8823529411764706,0.9333333333333332,0.8771929824561403,1.0
resnet18_imagenet,42,fp32,test_occlusion,500,44715468,3.3525758660398424,2.188482753001153,0.86,0.8335694528088473,0.7682051952126563,0.8564319928360398,0.8335694528088473,0.0,1.0,1.0,1.788139343261719e-07,0.9850746268656716,0.9655172413793104,0.8676470588235294,1.0,0.8970588235294118,0.9666666666666668,1.0,0.1694915254237288
resnet18_imagenet,42,fp32,test_rotation,500,44715468,3.3525758660398424,2.251183936954476,0.942,0.94270132672313,0.941476196188902,0.9433109529725978,0.94270132672313,0.0,1.0,1.0,2.384185791015625e-07,0.9850746268656716,0.8620689655172413,0.8382352941176471,0.9682539682539684,0.9264705882352942,0.9833333333333332,1.0,0.9830508474576272
resnet18_imagenet,42,fp16_weights,test_clean,500,22375776,0.0709214219823479,2.1916359199676663,0.97,0.9702941131933872,0.97067489269681,0.9710584507638438,0.9702941131933872,0.0,1.0,1.0,2.384185791015625e-07,0.9850746268656716,0.9655172413793104,0.9117647058823528,0.984126984126984,0.9558823529411764,1.0,1.0,0.9661016949152542
resnet18_imagenet,42,fp16_weights,test_blur,500,22375776,0.0709214219823479,2.2576974709518254,0.684,0.6595987532188778,0.5413695087045856,0.6934307451795808,0.6610689575090567,-0.0014702042901788,0.998,1.0,2.384185791015625e-07,0.7761194029850746,0.5862068965517241,0.0588235294117647,0.3492063492063492,0.8823529411764706,1.0,0.8947368421052632,1.0
resnet18_imagenet,42,fp16_weights,test_noise,500,22375776,0.0709214219823479,2.221731022000313,0.946,0.9469503623409672,0.9465281508667152,0.9480097882215252,0.946880675640944,6.968670002338584e-05,0.996,0.998,1.788139343261719e-07,0.9850746268656716,0.913793103448276,0.8676470588235294,0.984126984126984,0.8676470588235294,0.9833333333333332,0.9824561403508772,1.0
resnet18_imagenet,42,fp16_weights,test_brightness,500,22375776,0.0709214219823479,2.2196913430234417,0.874,0.8703037817522267,0.8544293220265277,0.8706752434429903,0.8676731527168928,0.0026306290353338,0.998,1.0,1.788139343261719e-07,0.835820895522388,0.5172413793103449,0.8676470588235294,0.9523809523809524,0.9852941176470588,1.0,0.8070175438596491,1.0
resnet18_imagenet,42,fp16_weights,test_color,500,22375776,0.0709214219823479,2.245768034015782,0.748,0.7442995353085906,0.7036532668585167,0.7489094414977935,0.7421959578735076,0.002103577435083,0.998,1.0,1.788139343261719e-07,0.7761194029850746,0.293103448275862,0.6617647058823529,0.984126984126984,0.5735294117647058,0.9833333333333332,0.7192982456140351,1.0
resnet18_imagenet,42,fp16_weights,test_jpeg,500,22375776,0.0709214219823479,2.187311902991496,0.93,0.9305889667956252,0.9282754718651788,0.9302594022334634,0.9305889667956252,0.0,1.0,1.0,1.788139343261719e-07,0.9850746268656716,0.8448275862068966,0.8382352941176471,0.9047619047619048,0.9705882352941176,0.9833333333333332,1.0,0.9152542372881356
resnet18_imagenet,42,fp16_weights,test_resolution,500,22375776,0.0709214219823479,2.208236371981912,0.668,0.6314077120627835,0.5178425193497297,0.6767247337170188,0.6347223499729988,-0.0033146379102153,0.998,1.0,2.384185791015625e-07,0.835820895522388,0.6551724137931034,0.1029411764705882,0.1269841269841269,0.8823529411764706,0.9333333333333332,0.8771929824561403,1.0
resnet18_imagenet,42,fp16_weights,test_occlusion,500,22375776,0.0709214219823479,2.2207843179348856,0.86,0.8335694528088473,0.7682051952126563,0.8564319928360398,0.8335694528088473,0.0,1.0,1.0,2.384185791015625e-07,0.9850746268656716,0.9655172413793104,0.8676470588235294,1.0,0.8970588235294118,0.9666666666666668,1.0,0.1694915254237288
resnet18_imagenet,42,fp16_weights,test_rotation,500,22375776,0.0709214219823479,2.1769000699277967,0.942,0.94270132672313,0.941476196188902,0.9433109529725978,0.94270132672313,0.0,1.0,1.0,1.788139343261719e-07,0.9850746268656716,0.8620689655172413,0.8382352941176471,0.9682539682539684,0.9264705882352942,0.9833333333333332,1.0,0.9830508474576272
resnet18_imagenet,42,int8_dynamic,test_clean,500,11260672,0.0425840269308537,0.6679200200596824,0.97,0.9705472515863496,0.9707000273984272,0.9713023311915262,0.9702941131933872,0.0002531383929624,0.99,0.99,1.788139343261719e-07,0.9850746268656716,0.9482758620689656,0.8970588235294118,0.984126984126984,0.9558823529411764,1.0,1.0,1.0
resnet18_imagenet,42,int8_dynamic,test_blur,500,11260672,0.0425840269308537,0.69535620091483,0.692,0.6701980255306674,0.5630949011294342,0.7004586581497187,0.6610689575090567,0.0091290680216107,0.98,0.978,2.384185791015625e-07,0.8059701492537313,0.5689655172413793,0.0735294117647058,0.3809523809523809,0.8970588235294118,1.0,0.8771929824561403,1.0
resnet18_imagenet,42,int8_dynamic,test_noise,500,11260672,0.0425840269308537,0.6959099479718134,0.948,0.948940208163072,0.9485187925215732,0.9498480235156428,0.946880675640944,0.002059532522128,0.992,0.994,1.788139343261719e-07,0.9850746268656716,0.913793103448276,0.8823529411764706,0.984126984126984,0.8676470588235294,0.9833333333333332,0.9824561403508772,1.0
resnet18_imagenet,42,int8_dynamic,test_brightness,500,11260672,0.0425840269308537,0.7143458829959854,0.87,0.8659479509532685,0.8496948764412598,0.8662892785307096,0.8676731527168928,-0.0017252017636243,0.994,0.992,1.788139343261719e-07,0.835820895522388,0.5172413793103449,0.8676470588235294,0.9523809523809524,0.9852941176470588,1.0,0.7719298245614035,1.0
resnet18_imagenet,42,int8_dynamic,test_color,500,11260672,0.0425840269308537,0.6870654260274023,0.748,0.7439174216591449,0.7034146188368585,0.7485546943357708,0.7421959578735076,0.0017214637856373,0.994,0.996,1.788139343261719e-07,0.7761194029850746,0.293103448275862,0.6764705882352942,0.984126984126984,0.5735294117647058,0.9833333333333332,0.7017543859649122,1.0
resnet18_imagenet,42,int8_dynamic,test_jpeg,500,11260672,0.0425840269308537,0.7039044561097398,0.93,0.930563621420464,0.928350846434136,0.9301850638451196,0.9305889667956252,-2.5345375161189843e-05,0.996,0.996,1.788139343261719e-07,0.9850746268656716,0.8448275862068966,0.8382352941176471,0.9047619047619048,0.9705882352941176,0.9833333333333332,0.9824561403508772,0.9322033898305084
resnet18_imagenet,42,int8_dynamic,test_resolution,500,11260672,0.0425840269308537,0.6796196639770642,0.672,0.6399701872009065,0.5402344619609368,0.6801561062660384,0.6347223499729988,0.0052478372279076,0.992,0.99,1.788139343261719e-07,0.835820895522388,0.6551724137931034,0.1470588235294117,0.1269841269841269,0.8823529411764706,0.9166666666666666,0.8771929824561403,1.0
resnet18_imagenet,42,int8_dynamic,test_occlusion,500,11260672,0.0425840269308537,0.7008454829920083,0.864,0.8447367647221022,0.8029445256628643,0.8608491967056456,0.8335694528088473,0.0111673119132549,0.984,0.984,1.788139343261719e-07,0.9701492537313432,0.9310344827586208,0.8676470588235294,1.0,0.8970588235294118,0.9666666666666668,1.0,0.2542372881355932
resnet18_imagenet,42,int8_dynamic,test_rotation,500,11260672,0.0425840269308537,0.6806621269788593,0.944,0.9447241914916822,0.943525161546006,0.9451491882667156,0.94270132672313,0.002022864768552,0.998,0.998,1.788139343261719e-07,0.9850746268656716,0.8620689655172413,0.8529411764705882,0.9682539682539684,0.9264705882352942,0.9833333333333332,1.0,0.9830508474576272
resnet18_imagenet,42,int8_static,test_clean,500,11320192,3.1425742630381137,0.6525494330562651,0.87,0.862302344647862,0.8326768746633141,0.8759909882635504,0.9702941131933872,-0.107991768545525,0.872,0.872,0.00390625,0.9850746268656716,0.8620689655172413,0.3235294117647059,1.0,0.9705882352941176,0.8666666666666667,1.0,1.0
resnet18_imagenet,42,int8_static,test_blur,500,11320192,3.1425742630381137,0.6804667060496286,0.728,0.6953140755865876,0.5649503441133392,0.7346464377391664,0.6610689575090567,0.0342451180775309,0.828,0.83,0.00390625,0.9850746268656716,0.5689655172413793,0.0441176470588235,0.5714285714285714,0.8970588235294118,0.9333333333333332,0.8771929824561403,1.0
resnet18_imagenet,42,int8_static,test_noise,500,11320192,3.1425742630381137,0.6678459839895368,0.828,0.8244691136673553,0.7894982827350479,0.8347398825581103,0.946880675640944,-0.1224115619735886,0.85,0.852,0.00390625,0.9850746268656716,0.8620689655172413,0.2941176470588235,0.8571428571428571,0.8970588235294118,0.8,0.9824561403508772,1.0
resnet18_imagenet,42,int8_static,test_brightness,500,11320192,3.1425742630381137,0.7105619290377945,0.848,0.8413683398555463,0.8211459855949969,0.8452975148850745,0.8676731527168928,-0.0263048128613465,0.882,0.88,0.00390625,0.9552238805970148,0.4482758620689655,0.6911764705882353,1.0,0.9705882352941176,0.8,0.9649122807017544,0.9322033898305084
resnet18_imagenet,42,int8_static,test_color,500,11320192,3.1425742630381137,0.7013736659428105,0.646,0.6290805508522119,0.54032966777577,0.6485552221493558,0.7421959578735076,-0.1131154070212956,0.774,0.776,0.00390625,1.0,0.3275862068965517,0.1323529411764706,0.984126984126984,0.5882352941176471,0.3666666666666666,0.7894736842105263,1.0
resnet18_imagenet,42,int8_static,test_jpeg,500,11320192,3.1425742630381137,0.6654752379981801,0.82,0.8058592487536027,0.7395569779887723,0.8267977394658821,0.9305889667956252,-0.1247297180420223,0.854,0.854,0.0078125,0.9850746268656716,0.7758620689655172,0.1617647058823529,0.8888888888888888,0.9705882352941176,0.9,1.0,0.9322033898305084
resnet18_imagenet,42,int8_static,test_resolution,500,11320192,3.1425742630381137,0.6963256149319932,0.708,0.669783033598517,0.5152830000231289,0.7152443206562722,0.6347223499729988,0.0350606836255181,0.83,0.83,0.00390625,1.0,0.6551724137931034,0.0294117647058823,0.365079365079365,0.9117647058823528,0.8833333333333333,0.8771929824561403,1.0
resnet18_imagenet,42,int8_static,test_occlusion,500,11320192,3.1425742630381137,0.640188408899121,0.792,0.771116905056831,0.7281117646509155,0.7948207171042975,0.8335694528088473,-0.0624525477520163,0.844,0.844,0.00390625,1.0,0.8448275862068966,0.2647058823529412,0.984126984126984,0.9411764705882352,0.9,1.0,0.423728813559322
resnet18_imagenet,42,int8_static,test_rotation,500,11320192,3.1425742630381137,0.6767644389765337,0.842,0.8281564557959671,0.7855393502313561,0.8485890124722597,0.94270132672313,-0.114544870927163,0.876,0.876,0.00390625,0.9850746268656716,0.7758620689655172,0.2352941176470588,0.9682539682539684,0.9411764705882352,0.9,1.0,0.9830508474576272
resnet18_imagenet,43,fp32,test_clean,500,44715468,6.356413102010265,2.217419645981863,0.94,0.9418896473142396,0.9404804176152256,0.942032088182674,0.9418896473142396,0.0,1.0,1.0,2.384185791015625e-07,0.9104477611940298,0.8793103448275862,0.8529411764705882,0.9523809523809524,0.9411764705882352,1.0,1.0,1.0
resnet18_imagenet,43,fp16_weights,test_clean,500,22375776,0.1199727329658344,2.248627154971473,0.94,0.9418896473142396,0.9404804176152256,0.942032088182674,0.9418896473142396,0.0,1.0,1.0,2.384185791015625e-07,0.9104477611940298,0.8793103448275862,0.8529411764705882,0.9523809523809524,0.9411764705882352,1.0,1.0,1.0
resnet18_imagenet,43,int8_dynamic,test_clean,500,11260672,0.042286648065783,0.6542622410925105,0.942,0.9437914113344732,0.9426326812510444,0.9442146969441404,0.9418896473142396,0.0019017640202334,0.994,0.994,2.384185791015625e-07,0.9253731343283582,0.896551724137931,0.8382352941176471,0.9523809523809524,0.9411764705882352,1.0,1.0,1.0
resnet18_imagenet,43,int8_static,test_clean,500,11320192,3.1644035750068724,0.6821022779913619,0.892,0.8871988167077082,0.8700250222418452,0.8964144162554368,0.9418896473142396,-0.0546908306065315,0.894,0.894,0.0078125,0.9850746268656716,0.7931034482758621,0.4411764705882353,1.0,0.9852941176470588,0.9666666666666668,1.0,1.0
resnet18_imagenet,43,fp32,test_blur,500,44715468,6.356413102010265,2.200743357068859,0.612,0.5607854454377049,0.0,0.6259740737271513,0.5610194790046105,-0.0002340335669055,0.998,1.0,1.788139343261719e-07,0.6119402985074627,0.6724137931034483,0.0,0.0317460317460317,0.7794117647058824,1.0,0.912280701754386,1.0
resnet18_imagenet,43,fp16_weights,test_blur,500,22375776,0.1199727329658344,2.277466982952319,0.612,0.5607854454377049,0.0,0.6259740737271513,0.5610194790046105,-0.0002340335669055,0.998,1.0,1.788139343261719e-07,0.6119402985074627,0.6724137931034483,0.0,0.0317460317460317,0.7794117647058824,1.0,0.912280701754386,1.0
resnet18_imagenet,43,int8_dynamic,test_blur,500,11260672,0.042286648065783,0.7016650029690936,0.608,0.5598353129422493,0.0,0.6224434948289255,0.5610194790046105,-0.0011841660623611,0.988,0.99,2.384185791015625e-07,0.6119402985074627,0.6724137931034483,0.0,0.0476190476190476,0.7352941176470589,1.0,0.912280701754386,1.0
resnet18_imagenet,43,int8_static,test_blur,500,11320192,3.1644035750068724,0.6723230259958655,0.676,0.6377291206794161,0.0,0.6876724097779896,0.5610194790046105,0.0767096416748056,0.822,0.822,0.00390625,0.8805970149253731,0.6724137931034483,0.0,0.3174603174603174,0.7352941176470589,0.9833333333333332,0.912280701754386,1.0
resnet18_imagenet,43,fp32,test_noise,500,44715468,6.356413102010265,2.3338048569858074,0.936,0.9373823210512208,0.9354042691758736,0.93733815771706,0.9373823210512208,0.0,1.0,1.0,1.788139343261719e-07,0.9701492537313432,0.8793103448275862,0.8235294117647058,0.984126984126984,0.9117647058823528,1.0,0.9298245614035088,1.0
resnet18_imagenet,43,fp16_weights,test_noise,500,22375776,0.1199727329658344,2.185271322960034,0.936,0.9373823210512208,0.9354042691758736,0.93733815771706,0.9373823210512208,0.0,1.0,1.0,1.788139343261719e-07,0.9701492537313432,0.8793103448275862,0.8235294117647058,0.984126984126984,0.9117647058823528,1.0,0.9298245614035088,1.0
resnet18_imagenet,43,int8_dynamic,test_noise,500,11260672,0.042286648065783,0.6848076230380684,0.938,0.939304595253316,0.9374760927284732,0.9391763930111778,0.9373823210512208,0.0019222742020952,0.998,0.998,1.788139343261719e-07,0.9701492537313432,0.8793103448275862,0.8382352941176471,0.984126984126984,0.9117647058823528,1.0,0.9298245614035088,1.0
resnet18_imagenet,43,int8_static,test_noise,500,11320192,3.1644035750068724,0.6605386290466413,0.866,0.8613137734256493,0.8431608213013365,0.8706800117858449,0.9373823210512208,-0.0760685476255715,0.892,0.892,0.00390625,0.9850746268656716,0.8103448275862069,0.4117647058823529,1.0,0.9117647058823528,0.9166666666666666,0.9298245614035088,1.0
resnet18_imagenet,43,fp32,test_brightness,500,44715468,6.356413102010265,2.28369557892438,0.778,0.779224153109295,0.7572645387024186,0.7820449500149311,0.779224153109295,0.0,1.0,1.0,1.788139343261719e-07,0.4477611940298507,0.603448275862069,0.6470588235294118,0.8412698412698413,0.9264705882352942,0.9833333333333332,0.8070175438596491,1.0
resnet18_imagenet,43,fp16_weights,test_brightness,500,22375776,0.1199727329658344,2.2616749880835414,0.778,0.779224153109295,0.7572645387024186,0.7820449500149311,0.779224153109295,0.0,1.0,1.0,2.384185791015625e-07,0.4477611940298507,0.603448275862069,0.6470588235294118,0.8412698412698413,0.9264705882352942,0.9833333333333332,0.8070175438596491,1.0
resnet18_imagenet,43,int8_dynamic,test_brightness,500,11260672,0.042286648065783,0.7129495909903198,0.78,0.7809335378507896,0.75903596856954,0.7840290769990581,0.779224153109295,0.0017093847414945,0.996,0.996,2.384185791015625e-07,0.4477611940298507,0.603448275862069,0.6470588235294118,0.8571428571428571,0.9264705882352942,0.9833333333333332,0.8070175438596491,1.0
resnet18_imagenet,43,int8_static,test_brightness,500,11320192,3.1644035750068724,0.6582811159314588,0.826,0.8224972094607402,0.8056057556471035,0.8291278991619402,0.779224153109295,0.0432730563514451,0.872,0.872,0.00390625,0.7313432835820896,0.5517241379310345,0.5294117647058824,0.9523809523809524,0.9558823529411764,1.0,0.912280701754386,1.0
resnet18_imagenet,43,fp32,test_color,500,44715468,6.356413102010265,2.240781908971257,0.494,0.4576793697951588,0.0,0.486843045811475,0.4576793697951588,0.0,1.0,1.0,1.788139343261719e-07,0.5373134328358209,0.293103448275862,0.4852941176470588,0.8888888888888888,0.5147058823529411,1.0,0.175438596491228,0.0
resnet18_imagenet,43,fp16_weights,test_color,500,22375776,0.1199727329658344,2.279820241034031,0.494,0.4576793697951588,0.0,0.486843045811475,0.4576793697951588,0.0,1.0,1.0,1.788139343261719e-07,0.5373134328358209,0.293103448275862,0.4852941176470588,0.8888888888888888,0.5147058823529411,1.0,0.175438596491228,0.0
resnet18_imagenet,43,int8_dynamic,test_color,500,11260672,0.042286648065783,0.6864332840777934,0.488,0.4473682780524609,0.0,0.4802640984430539,0.4576793697951588,-0.0103110917426978,0.988,0.988,2.384185791015625e-07,0.5373134328358209,0.293103448275862,0.4852941176470588,0.8888888888888888,0.5147058823529411,1.0,0.1228070175438596,0.0
resnet18_imagenet,43,int8_static,test_color,500,11320192,3.1644035750068724,0.6839706650935113,0.49,0.4471916491436892,0.0,0.4837470421257143,0.4576793697951588,-0.0104877206514695,0.848,0.848,0.0078125,0.746268656716418,0.2413793103448276,0.2352941176470588,0.9365079365079364,0.5,1.0,0.2105263157894736,0.0
resnet18_imagenet,43,fp32,test_jpeg,500,44715468,6.356413102010265,2.2379993490176275,0.894,0.8990134944370802,0.8889886519770707,0.8971215952498687,0.8970681600711168,0.0019453343659634,0.998,1.0,1.788139343261719e-07,0.9104477611940298,0.7758620689655172,0.6617647058823529,0.873015873015873,0.9558823529411764,1.0,1.0,1.0
resnet18_imagenet,43,fp16_weights,test_jpeg,500,22375776,0.1199727329658344,2.1985224819509317,0.894,0.8990134944370802,0.8889886519770707,0.8971215952498687,0.8970681600711168,0.0019453343659634,0.998,1.0,1.788139343261719e-07,0.9104477611940298,0.7758620689655172,0.6617647058823529,0.873015873015873,0.9558823529411764,1.0,1.0,1.0
resnet18_imagenet,43,int8_dynamic,test_jpeg,500,11260672,0.042286648065783,0.6617239729966968,0.89,0.8951043991935247,0.883951037572833,0.8928112504222825,0.8970681600711168,-0.001963760877592,0.994,0.992,1.788139343261719e-07,0.9104477611940298,0.7413793103448276,0.6617647058823529,0.873015873015873,0.9558823529411764,1.0,1.0,1.0
resnet18_imagenet,43,int8_static,test_jpeg,500,11320192,3.1644035750068724,0.6887006249744445,0.82,0.8000554960469941,0.7357285491897889,0.826593062169112,0.8970681600711168,-0.0970126640241226,0.852,0.85,0.0078125,0.9402985074626866,0.6551724137931034,0.1617647058823529,0.9682539682539684,0.9705882352941176,0.9166666666666666,1.0,1.0
resnet18_imagenet,43,fp32,test_resolution,500,44715468,6.356413102010265,2.2651525021065027,0.608,0.5588400937180155,0.0,0.6222043706151636,0.5569662726848392,0.0018738210331762,0.998,1.0,2.384185791015625e-07,0.6417910447761194,0.7068965517241379,0.0294117647058823,0.0,0.7205882352941176,0.9666666666666668,0.912280701754386,1.0
resnet18_imagenet,43,fp16_weights,test_resolution,500,22375776,0.1199727329658344,2.220410160953179,0.608,0.5588400937180155,0.0,0.6222043706151636,0.5569662726848392,0.0018738210331762,0.998,1.0,1.788139343261719e-07,0.6417910447761194,0.7068965517241379,0.0294117647058823,0.0,0.7205882352941176,0.9666666666666668,0.912280701754386,1.0
resnet18_imagenet,43,int8_dynamic,test_resolution,500,11260672,0.042286648065783,0.6665736720897257,0.608,0.5581153584206344,0.0,0.6222043706151636,0.5569662726848392,0.0011490857357951,0.994,0.996,1.788139343261719e-07,0.6417910447761194,0.7068965517241379,0.0294117647058823,0.0,0.7205882352941176,0.9666666666666668,0.912280701754386,1.0
resnet18_imagenet,43,int8_static,test_resolution,500,11320192,3.1644035750068724,0.7045188180636615,0.65,0.5946521691118738,0.0,0.6617159699881434,0.5569662726848392,0.0376858964270345,0.812,0.814,0.00390625,0.9253731343283582,0.6724137931034483,0.0,0.1111111111111111,0.7058823529411765,0.9666666666666668,0.912280701754386,1.0
resnet18_imagenet,43,fp32,test_occlusion,500,44715468,6.356413102010265,2.268639722955413,0.84,0.8086949940704158,0.7236224390725874,0.8366654892502113,0.8106944216316061,-0.0019994275611903,0.996,1.0,2.384185791015625e-07,0.9402985074626866,0.913793103448276,0.8088235294117647,1.0,0.9117647058823528,1.0,1.0,0.1186440677966101
resnet18_imagenet,43,fp16_weights,test_occlusion,500,22375776,0.1199727329658344,2.254534661071375,0.84,0.8086949940704158,0.7236224390725874,0.8366654892502113,0.8106944216316061,-0.0019994275611903,0.996,1.0,2.384185791015625e-07,0.9402985074626866,0.913793103448276,0.8088235294117647,1.0,0.9117647058823528,1.0,1.0,0.1186440677966101
resnet18_imagenet,43,int8_dynamic,test_occlusion,500,11260672,0.042286648065783,0.7041279999539256,0.836,0.802788734454132,0.7081863647158481,0.832708609888297,0.8106944216316061,-0.007905687177474,0.992,0.996,2.384185791015625e-07,0.9402985074626866,0.913793103448276,0.7941176470588235,1.0,0.9117647058823528,1.0,1.0,0.1016949152542373
resnet18_imagenet,43,int8_static,test_occlusion,500,11320192,3.1644035750068724,0.6491998630808666,0.75,0.7044487258749094,0.5769212498498256,0.7485610210497021,0.8106944216316061,-0.1062456957566967,0.876,0.88,0.0078125,0.9850746268656716,0.7758620689655172,0.3970588235294117,0.9365079365079364,0.9264705882352942,0.9166666666666666,1.0,0.0508474576271186
resnet18_imagenet,43,fp32,test_rotation,500,44715468,6.356413102010265,2.231860821018927,0.918,0.9196008099601758,0.9184390353587928,0.9211958097046752,0.9196008099601758,0.0,1.0,1.0,2.384185791015625e-07,0.8805970149253731,0.8793103448275862,0.7794117647058824,0.9523809523809524,0.9117647058823528,1.0,1.0,0.9661016949152542
resnet18_imagenet,43,fp16_weights,test_rotation,500,22375776,0.1199727329658344,2.2105629389407118,0.918,0.9196008099601758,0.9184390353587928,0.9211958097046752,0.9196008099601758,0.0,1.0,1.0,1.788139343261719e-07,0.8805970149253731,0.8793103448275862,0.7794117647058824,0.9523809523809524,0.9117647058823528,1.0,1.0,0.9661016949152542
resnet18_imagenet,43,int8_dynamic,test_rotation,500,11260672,0.042286648065783,0.6872559030307457,0.918,0.9196008099601758,0.9184390353587928,0.9211958097046752,0.9196008099601758,0.0,1.0,1.0,1.788139343261719e-07,0.8805970149253731,0.8793103448275862,0.7794117647058824,0.9523809523809524,0.9117647058823528,1.0,1.0,0.9661016949152542
resnet18_imagenet,43,int8_static,test_rotation,500,11320192,3.1644035750068724,0.646732005989179,0.858,0.8505114201348316,0.8274846894513022,0.863885201896618,0.9196008099601758,-0.0690893898253441,0.888,0.888,0.0078125,0.9402985074626866,0.7931034482758621,0.3529411764705882,0.984126984126984,0.9411764705882352,0.9333333333333332,1.0,0.9661016949152542
yolo11n,42,fp32,test_clean,500,6266700,9.372579670976847,0.3004970350302756,0.962,0.9624340166603458,0.9627325129875508,0.9634238832021608,0.9624340166603458,0.0,1.0,1.0,2.384185791015625e-07,0.9850746268656716,0.9482758620689656,0.8823529411764706,0.984126984126984,0.9411764705882352,0.9833333333333332,1.0,0.9830508474576272
yolo11n,42,fp32,test_blur,500,6266700,9.372579670976847,0.3227256829850375,0.684,0.6580791693624217,0.4581137973144653,0.6923055455500826,0.6580791693624217,0.0,1.0,1.0,2.384185791015625e-07,0.7014925373134329,0.396551724137931,0.0147058823529411,0.5238095238095238,0.9705882352941176,0.9833333333333332,0.9649122807017544,0.9830508474576272
yolo11n,42,fp32,test_noise,500,6266700,9.372579670976847,0.2941830210620537,0.738,0.7370474190737935,0.7035567595613497,0.7366299613604094,0.7388881346085286,-0.0018407155347351,0.998,1.0,1.788139343261719e-07,1.0,0.9482758620689656,0.4558823529411764,0.9047619047619048,0.7352941176470589,0.8666666666666667,0.4736842105263157,0.5084745762711864
yolo11n,42,fp32,test_brightness,500,6266700,9.372579670976847,0.3334564570104703,0.924,0.9247573800947326,0.9240392245494932,0.9267982959768408,0.9247573800947326,0.0,1.0,1.0,1.1920928955078125e-07,0.9701492537313432,0.896551724137931,0.7794117647058824,0.9523809523809524,0.8676470588235294,0.9833333333333332,0.9649122807017544,1.0
yolo11n,42,fp32,test_color,500,6266700,9.372579670976847,0.2984627590049058,0.926,0.9267237033829736,0.923303404309606,0.9268366832889228,0.9267237033829736,0.0,1.0,1.0,1.788139343261719e-07,0.9850746268656716,0.7931034482758621,0.7941176470588235,0.9523809523809524,0.9411764705882352,0.9833333333333332,0.9824561403508772,0.9830508474576272
yolo11n,42,fp32,test_jpeg,500,6266700,9.372579670976847,0.289878073032014,0.886,0.8882244321294359,0.882432729383383,0.8908319061229989,0.8900516985615519,-0.0018272664321159,0.998,1.0,2.384185791015625e-07,0.9850746268656716,0.9310344827586208,0.6470588235294118,0.7777777777777778,0.8529411764705882,0.9666666666666668,1.0,0.9661016949152542
yolo11n,42,fp32,test_resolution,500,6266700,9.372579670976847,0.2994471499696374,0.644,0.6065723185532841,0.5153112828876016,0.6545548701383843,0.6012672217528332,0.0053050968004508,0.996,1.0,2.384185791015625e-07,0.6268656716417911,0.4827586206896552,0.0735294117647058,0.2857142857142857,0.8529411764705882,0.9666666666666668,0.9649122807017544,0.9830508474576272
yolo11n,42,fp32,test_occlusion,500,6266700,9.372579670976847,0.2836296479217708,0.93,0.9305493836820204,0.9291008576976608,0.9320364431686764,0.9305493836820204,0.0,1.0,1.0,2.384185791015625e-07,0.9850746268656716,0.8620689655172413,0.7794117647058824,0.9682539682539684,0.9117647058823528,0.9666666666666668,1.0,0.9830508474576272
yolo11n,42,fp32,test_rotation,500,6266700,9.372579670976847,0.2888575369725004,0.938,0.9391148073478424,0.9382793833319534,0.9395502727800064,0.9391148073478424,0.0,1.0,1.0,2.384185791015625e-07,0.9850746268656716,0.896551724137931,0.8529411764705882,0.9206349206349206,0.9117647058823528,0.9833333333333332,1.0,0.9661016949152542
yolo11n,42,fp16_weights,test_clean,500,3226800,0.0493349669268354,0.297023941995576,0.964,0.9643322378630512,0.9646001201943568,0.9652621184962786,0.9624340166603458,0.0018982212027053,0.998,0.998,1.788139343261719e-07,0.9850746268656716,0.9482758620689656,0.8823529411764706,0.984126984126984,0.9558823529411764,0.9833333333333332,1.0,0.9830508474576272
yolo11n,42,fp16_weights,test_blur,500,3226800,0.0493349669268354,0.2940074700163677,0.684,0.6580791693624217,0.4581137973144653,0.6923055455500826,0.6580791693624217,0.0,1.0,1.0,2.384185791015625e-07,0.7014925373134329,0.396551724137931,0.0147058823529411,0.5238095238095238,0.9705882352941176,0.9833333333333332,0.9649122807017544,0.9830508474576272
yolo11n,42,fp16_weights,test_noise,500,3226800,0.0493349669268354,0.3289515720680356,0.742,0.7411545793983186,0.7081304351783813,0.7408319387615393,0.7388881346085286,0.0022664447897899,0.998,0.996,2.384185791015625e-07,1.0,0.9482758620689656,0.4558823529411764,0.9047619047619048,0.7352941176470589,0.8833333333333333,0.4736842105263157,0.5254237288135594
yolo11n,42,fp16_weights,test_brightness,500,3226800,0.0493349669268354,0.322722238022834,0.924,0.9247573800947326,0.9240392245494932,0.9267982959768408,0.9247573800947326,0.0,1.0,1.0,1.788139343261719e-07,0.9701492537313432,0.896551724137931,0.7794117647058824,0.9523809523809524,0.8676470588235294,0.9833333333333332,0.9649122807017544,1.0
yolo11n,42,fp16_weights,test_color,500,3226800,0.0493349669268354,0.2887706169858575,0.926,0.9267237033829736,0.923303404309606,0.9268366832889228,0.9267237033829736,0.0,1.0,1.0,1.788139343261719e-07,0.9850746268656716,0.7931034482758621,0.7941176470588235,0.9523809523809524,0.9411764705882352,0.9833333333333332,0.9824561403508772,0.9830508474576272
yolo11n,42,fp16_weights,test_jpeg,500,3226800,0.0493349669268354,0.2887155140051618,0.886,0.8882258742320537,0.8828498571377288,0.8905149690033234,0.8900516985615519,-0.0018258243294981,0.994,0.996,2.384185791015625e-07,0.9850746268656716,0.913793103448276,0.6617647058823529,0.7777777777777778,0.8529411764705882,0.9666666666666668,1.0,0.9661016949152542
yolo11n,42,fp16_weights,test_resolution,500,3226800,0.0493349669268354,0.2990479889558628,0.64,0.6015638524007669,0.4999882332330977,0.6505236523881264,0.6012672217528332,0.0002966306479337,0.998,0.994,2.384185791015625e-07,0.6268656716417911,0.4827586206896552,0.0588235294117647,0.2857142857142857,0.8529411764705882,0.9666666666666668,0.9473684210526316,0.9830508474576272
yolo11n,42,fp16_weights,test_occlusion,500,3226800,0.0493349669268354,0.2964241750305518,0.93,0.9305493836820204,0.9291008576976608,0.9320364431686764,0.9305493836820204,0.0,1.0,1.0,1.788139343261719e-07,0.9850746268656716,0.8620689655172413,0.7794117647058824,0.9682539682539684,0.9117647058823528,0.9666666666666668,1.0,0.9830508474576272
yolo11n,42,fp16_weights,test_rotation,500,3226800,0.0493349669268354,0.2940844859695062,0.938,0.9391148073478424,0.9382793833319534,0.9395502727800064,0.9391148073478424,0.0,1.0,1.0,1.788139343261719e-07,0.9850746268656716,0.896551724137931,0.8529411764705882,0.9206349206349206,0.9117647058823528,0.9833333333333332,1.0,0.9661016949152542
yolo11n,42,int8_dynamic,test_clean,500,1734464,0.0470929730217903,0.3022575340000912,0.958,0.9583111334034408,0.9583839502063768,0.959175220460228,0.9624340166603458,-0.0041228832569051,0.988,0.988,2.384185791015625e-07,0.9850746268656716,0.9482758620689656,0.8676470588235294,0.9523809523809524,0.9705882352941176,0.9833333333333332,1.0,0.9661016949152542
yolo11n,42,int8_dynamic,test_blur,500,1734464,0.0470929730217903,0.2808386799879372,0.676,0.6493227470984978,0.4517845304900874,0.683832871327212,0.6580791693624217,-0.0087564222639239,0.982,0.982,1.788139343261719e-07,0.7164179104477612,0.396551724137931,0.0147058823529411,0.4761904761904761,0.9705882352941176,0.9833333333333332,0.9298245614035088,0.9830508474576272
yolo11n,42,int8_dynamic,test_noise,500,1734464,0.0470929730217903,0.2809539129957557,0.77,0.7711106533888051,0.744252286464868,0.7709561343839884,0.7388881346085286,0.0322225187802764,0.944,0.942,2.384185791015625e-07,1.0,0.9310344827586208,0.4411764705882353,0.9047619047619048,0.7352941176470589,0.85,0.5087719298245614,0.7966101694915254
yolo11n,42,int8_dynamic,test_brightness,500,1734464,0.0470929730217903,0.2853707040194422,0.928,0.9284844258694432,0.9278977783559348,0.930474766565076,0.9247573800947326,0.0037270457747106,0.994,0.994,2.384185791015625e-07,0.9701492537313432,0.896551724137931,0.7794117647058824,0.9523809523809524,0.8970588235294118,0.9833333333333332,0.9649122807017544,1.0
yolo11n,42,int8_dynamic,test_color,500,1734464,0.0470929730217903,0.3102155309170484,0.926,0.9269484204554954,0.923341564439076,0.9264819361269,0.9267237033829736,0.0002247170725219,0.994,0.994,1.1920928955078125e-07,0.9850746268656716,0.7931034482758621,0.8088235294117647,0.9523809523809524,0.9411764705882352,0.9833333333333332,0.9649122807017544,0.9830508474576272
yolo11n,42,int8_dynamic,test_jpeg,500,1734464,0.0470929730217903,0.3118511809734627,0.898,0.9000493015162716,0.8962515517406896,0.9017154261976954,0.8900516985615519,0.0099976029547197,0.978,0.976,2.384185791015625e-07,0.9850746268656716,0.9310344827586208,0.7352941176470589,0.7619047619047619,0.8676470588235294,0.9666666666666668,1.0,0.9661016949152542
yolo11n,42,int8_dynamic,test_resolution,500,1734464,0.0470929730217903,0.2983086699387058,0.632,0.5893048542584642,0.4726139886666841,0.6422999262876329,0.6012672217528332,-0.0119623674943689,0.966,0.962,1.788139343261719e-07,0.6567164179104478,0.4482758620689655,0.0441176470588235,0.2539682539682539,0.8382352941176471,0.9666666666666668,0.9473684210526316,0.9830508474576272
yolo11n,42,int8_dynamic,test_occlusion,500,1734464,0.0470929730217903,0.2816076369490474,0.938,0.9384007508154883,0.9371075142013736,0.939951419504038,0.9305493836820204,0.007851367133468,0.988,0.988,1.788139343261719e-07,0.9850746268656716,0.8793103448275862,0.7794117647058824,0.9682539682539684,0.9411764705882352,0.9833333333333332,1.0,0.9830508474576272
yolo11n,42,int8_dynamic,test_rotation,500,1734464,0.0470929730217903,0.3055966929532587,0.936,0.9374963681989184,0.9362914957417638,0.9375912995355364,0.9391148073478424,-0.0016184391489239,0.99,0.99,2.384185791015625e-07,0.9850746268656716,0.913793103448276,0.8676470588235294,0.873015873015873,0.9117647058823528,0.9833333333333332,1.0,0.9661016949152542
yolo11n,42,int8_static,test_clean,500,1805136,4.081813490949571,0.1712947429623454,0.958,0.9587195753978652,0.9586384673501868,0.959455629233907,0.9624340166603458,-0.0037144412624804,0.986,0.986,0.0078125,0.9850746268656716,0.9482758620689656,0.8676470588235294,0.9523809523809524,0.9558823529411764,0.9833333333333332,1.0,0.9830508474576272
yolo11n,42,int8_static,test_blur,500,1805136,4.081813490949571,0.1757141049019992,0.672,0.650105662315664,0.4521189914334598,0.6802537266452843,0.6580791693624217,-0.0079735070467577,0.96,0.96,0.0078125,0.6716417910447762,0.4137931034482758,0.0147058823529411,0.5079365079365079,0.9558823529411764,0.9833333333333332,0.8947368421052632,1.0
yolo11n,42,int8_static,test_noise,500,1805136,4.081813490949571,0.1801956710405647,0.784,0.7863536327565022,0.7598586806639037,0.7849454165375277,0.7388881346085286,0.0474654981479735,0.918,0.916,0.0078125,1.0,0.9310344827586208,0.4705882352941176,0.9047619047619048,0.75,0.85,0.5087719298245614,0.864406779661017
yolo11n,42,int8_static,test_brightness,500,1805136,4.081813490949571,0.17154886003118,0.92,0.9204938956542604,0.919879535061842,0.9227396418789092,0.9247573800947326,-0.004263484440472,0.988,0.988,0.0078125,0.9552238805970148,0.896551724137931,0.7647058823529411,0.9523809523809524,0.8823529411764706,0.9833333333333332,0.9473684210526316,1.0
yolo11n,42,int8_static,test_color,500,1805136,4.081813490949571,0.1598222219618037,0.926,0.9266956964958686,0.9234482248763938,0.9265915852497072,0.9267237033829736,-2.800688710491439e-05,0.988,0.988,0.0078125,0.9850746268656716,0.7931034482758621,0.8088235294117647,0.9523809523809524,0.9411764705882352,0.9666666666666668,0.9824561403508772,0.9830508474576272
yolo11n,42,int8_static,test_jpeg,500,1805136,4.081813490949571,0.1605892149964347,0.908,0.9097458406522704,0.906086663001458,0.9112975923975086,0.8900516985615519,0.0196941420907186,0.972,0.97,0.0078125,0.9850746268656716,0.9310344827586208,0.7352941176470589,0.7777777777777778,0.9117647058823528,0.9833333333333332,1.0,0.9661016949152542
yolo11n,42,int8_static,test_resolution,500,1805136,4.081813490949571,0.1618059750180691,0.626,0.5828155838840564,0.4467231564919159,0.637433492642933,0.6012672217528332,-0.0184516378687767,0.926,0.922,0.0078125,0.6119402985074627,0.5,0.0294117647058823,0.238095238095238,0.8235294117647058,0.9666666666666668,0.9298245614035088,1.0
yolo11n,42,int8_static,test_occlusion,500,1805136,4.081813490949571,0.1611635379958897,0.93,0.9302639958184716,0.9271016620916194,0.9322450128618956,0.9305493836820204,-0.0002853878635488,0.972,0.972,0.0078125,0.9850746268656716,0.8448275862068966,0.7205882352941176,0.9682539682539684,0.9558823529411764,0.9833333333333332,1.0,1.0
yolo11n,42,int8_static,test_rotation,500,1805136,4.081813490949571,0.1616781969787553,0.934,0.9355206878381876,0.9343330181782532,0.9356790116318692,0.9391148073478424,-0.0035941195096546,0.984,0.984,0.0078125,0.9850746268656716,0.9310344827586208,0.8676470588235294,0.8571428571428571,0.9117647058823528,0.9666666666666668,1.0,0.9661016949152542
yolo11n,43,fp32,test_clean,500,6266700,9.311402581981383,0.2993131610564887,0.938,0.9395589339521516,0.9380305354708894,0.9403228472723796,0.9395589339521516,0.0,1.0,1.0,1.788139343261719e-07,0.9552238805970148,0.8793103448275862,0.8088235294117647,0.984126984126984,0.9117647058823528,0.9833333333333332,1.0,1.0
yolo11n,43,fp16_weights,test_clean,500,3226800,0.0519806030206382,0.3012444280320778,0.938,0.9395589339521516,0.9380305354708894,0.9403228472723796,0.9395589339521516,0.0,1.0,1.0,1.788139343261719e-07,0.9552238805970148,0.8793103448275862,0.8088235294117647,0.984126984126984,0.9117647058823528,0.9833333333333332,1.0,1.0
yolo11n,43,int8_dynamic,test_clean,500,1734464,0.0492849430302158,0.3151393219595775,0.936,0.9377299788381852,0.9361857968268282,0.9384571756305884,0.9395589339521516,-0.0018289551139664,0.998,0.998,1.788139343261719e-07,0.9402985074626866,0.8793103448275862,0.8088235294117647,0.984126984126984,0.9117647058823528,0.9833333333333332,1.0,1.0
yolo11n,43,int8_static,test_clean,500,1805136,4.175409088958986,0.179292218061164,0.94,0.9411923759737048,0.9396030015140728,0.9421610825664972,0.9395589339521516,0.0016334420215531,0.994,0.994,0.0078125,0.9552238805970148,0.8793103448275862,0.7941176470588235,0.984126984126984,0.9411764705882352,0.9833333333333332,1.0,1.0
yolo11n,43,fp32,test_blur,500,6266700,9.311402581981383,0.2978970080148428,0.662,0.6436975461793759,0.5614808001321012,0.6688644511357107,0.6436975461793759,0.0,1.0,1.0,1.788139343261719e-07,0.2686567164179104,0.3793103448275862,0.1617647058823529,0.9523809523809524,0.9852941176470588,0.8666666666666667,0.7368421052631579,1.0
yolo11n,43,fp16_weights,test_blur,500,3226800,0.0519806030206382,0.2864297829801216,0.662,0.6436975461793759,0.5614808001321012,0.6688644511357107,0.6436975461793759,0.0,1.0,1.0,2.384185791015625e-07,0.2686567164179104,0.3793103448275862,0.1617647058823529,0.9523809523809524,0.9852941176470588,0.8666666666666667,0.7368421052631579,1.0
yolo11n,43,int8_dynamic,test_blur,500,1734464,0.0492849430302158,0.3389313450315967,0.616,0.5808456099273419,0.4428944952673179,0.6233822101042925,0.6436975461793759,-0.062851936252034,0.938,0.938,1.788139343261719e-07,0.208955223880597,0.3103448275862069,0.0441176470588235,0.9523809523809524,0.9852941176470588,0.7666666666666667,0.7192982456140351,1.0
yolo11n,43,int8_static,test_blur,500,1805136,4.175409088958986,0.1817516069859266,0.606,0.5665312745159361,0.4085734816943665,0.6133548275338523,0.6436975461793759,-0.0771662716634398,0.92,0.92,0.0078125,0.1791044776119403,0.293103448275862,0.0294117647058823,0.9523809523809524,0.9852941176470588,0.7833333333333333,0.6842105263157895,1.0
yolo11n,43,fp32,test_noise,500,6266700,9.311402581981383,0.2865331750363111,0.822,0.8214510893905069,0.8014988170385273,0.8250331817542504,0.8192979323162483,0.0021531570742586,0.998,1.0,1.788139343261719e-07,1.0,0.8275862068965517,0.4411764705882353,0.9365079365079364,0.7941176470588235,0.9166666666666666,0.6842105263157895,1.0
yolo11n,43,fp16_weights,test_noise,500,3226800,0.0519806030206382,0.2816143459640443,0.824,0.8232045415235009,0.8035672733119757,0.8271883541680435,0.8192979323162483,0.0039066092072526,0.996,0.998,2.384185791015625e-07,1.0,0.8448275862068966,0.4411764705882353,0.9365079365079364,0.7941176470588235,0.9166666666666666,0.6842105263157895,1.0
yolo11n,43,int8_dynamic,test_noise,500,1734464,0.0492849430302158,0.3232435849495232,0.81,0.807860812448111,0.7848114734180965,0.8127410467261369,0.8192979323162483,-0.0114371198681372,0.972,0.97,1.788139343261719e-07,0.9850746268656716,0.8103448275862069,0.4117647058823529,0.9523809523809524,0.7941176470588235,0.9166666666666666,0.631578947368421,1.0
yolo11n,43,int8_static,test_noise,500,1805136,4.175409088958986,0.1719372849911451,0.806,0.804299110395194,0.7820581323783975,0.8089277764462153,0.8192979323162483,-0.0149988219210542,0.974,0.972,0.0078125,0.9701492537313432,0.8275862068965517,0.4117647058823529,0.9365079365079364,0.7941176470588235,0.9166666666666666,0.631578947368421,0.9830508474576272
yolo11n,43,fp32,test_brightness,500,6266700,9.311402581981383,0.2926334940129891,0.914,0.9152307501770376,0.912216045952112,0.9167473271418888,0.913086554535972,0.0021441956410654,0.998,1.0,2.384185791015625e-07,0.9402985074626866,0.8448275862068966,0.7205882352941176,0.9682539682539684,0.9117647058823528,0.9833333333333332,0.9649122807017544,1.0
yolo11n,43,fp16_weights,test_brightness,500,3226800,0.0519806030206382,0.3007480909582227,0.914,0.9152307501770376,0.912216045952112,0.9167473271418888,0.913086554535972,0.0021441956410654,0.998,1.0,1.788139343261719e-07,0.9402985074626866,0.8448275862068966,0.7205882352941176,0.9682539682539684,0.9117647058823528,0.9833333333333332,0.9649122807017544,1.0
yolo11n,43,int8_dynamic,test_brightness,500,1734464,0.0492849430302158,0.3321365410229191,0.904,0.9046599846899764,0.9006425369792938,0.9068844663896024,0.913086554535972,-0.0084265698459956,0.982,0.984,1.788139343261719e-07,0.9402985074626866,0.8275862068965517,0.6764705882352942,0.9682539682539684,0.9117647058823528,0.9833333333333332,0.9473684210526316,1.0
yolo11n,43,int8_static,test_brightness,500,1805136,4.175409088958986,0.1683656478999182,0.886,0.8857968276570243,0.88012210290214,0.8876498306115161,0.913086554535972,-0.0272897268789478,0.968,0.966,0.0078125,0.9402985074626866,0.8103448275862069,0.6470588235294118,0.9682539682539684,0.9264705882352942,0.9666666666666668,0.8421052631578947,1.0
yolo11n,43,fp32,test_color,500,6266700,9.311402581981383,0.2827934159431606,0.922,0.9236831743096778,0.920264699156112,0.9228222152239104,0.9236831743096778,0.0,1.0,1.0,1.788139343261719e-07,0.9701492537313432,0.8103448275862069,0.8235294117647058,0.984126984126984,0.8970588235294118,0.95,0.9473684210526316,1.0
yolo11n,43,fp16_weights,test_color,500,3226800,0.0519806030206382,0.3005867350148037,0.924,0.9255597738155876,0.922377879741952,0.9250151976800508,0.9236831743096778,0.0018765995059099,0.998,0.998,2.384185791015625e-07,0.9701492537313432,0.8103448275862069,0.8235294117647058,0.984126984126984,0.8970588235294118,0.95,0.9649122807017544,1.0
yolo11n,43,int8_dynamic,test_color,500,1734464,0.0492849430302158,0.3504919509869069,0.922,0.9235586711185776,0.9202727235423532,0.9239671020099672,0.9236831743096778,-0.0001245031911003,0.974,0.974,1.788139343261719e-07,0.9552238805970148,0.8275862068965517,0.7647058823529411,1.0,0.9117647058823528,0.95,0.9824561403508772,1.0
yolo11n,43,int8_static,test_color,500,1805136,4.175409088958986,0.1662185470340773,0.912,0.9137873882604732,0.9102738023079298,0.9140301886481312,0.9236831743096778,-0.0098957860492044,0.976,0.976,0.0078125,0.9552238805970148,0.8275862068965517,0.75,0.984126984126984,0.8970588235294118,0.9333333333333332,0.9649122807017544,1.0
yolo11n,43,fp32,test_jpeg,500,6266700,9.311402581981383,0.2865533570293337,0.914,0.9157533482417832,0.9126186877397164,0.9167163704562284,0.9157533482417832,0.0,1.0,1.0,1.788139343261719e-07,1.0,0.8620689655172413,0.7647058823529411,0.8412698412698413,0.8823529411764706,0.9833333333333332,1.0,1.0
yolo11n,43,fp16_weights,test_jpeg,500,3226800,0.0519806030206382,0.2915441469522193,0.914,0.9157533482417832,0.9126186877397164,0.9167163704562284,0.9157533482417832,0.0,1.0,1.0,2.384185791015625e-07,1.0,0.8620689655172413,0.7647058823529411,0.8412698412698413,0.8823529411764706,0.9833333333333332,1.0,1.0
yolo11n,43,int8_dynamic,test_jpeg,500,1734464,0.0492849430302158,0.3185349899576977,0.922,0.923645841616668,0.9206639552575804,0.9246780321323932,0.9157533482417832,0.0078924933748847,0.988,0.988,1.788139343261719e-07,1.0,0.8793103448275862,0.75,0.873015873015873,0.9117647058823528,0.9833333333333332,1.0,1.0
yolo11n,43,int8_static,test_jpeg,500,1805136,4.175409088958986,0.1689096939517185,0.916,0.9177814458054128,0.9140075694439722,0.9186753437006988,0.9157533482417832,0.0020280975636296,0.98,0.98,0.0078125,1.0,0.8448275862068966,0.7352941176470589,0.8888888888888888,0.8970588235294118,0.9833333333333332,1.0,1.0
yolo11n,43,fp32,test_resolution,500,6266700,9.311402581981383,0.2848721940536052,0.688,0.6693508174396465,0.6176641622234808,0.6914754892349804,0.6693508174396465,0.0,1.0,1.0,1.788139343261719e-07,0.4328358208955223,0.3275862068965517,0.2647058823529412,0.984126984126984,0.9558823529411764,0.9,0.6666666666666666,1.0
yolo11n,43,fp16_weights,test_resolution,500,3226800,0.0519806030206382,0.2881642640568316,0.69,0.6715821910112048,0.6196729375218406,0.6936684716911207,0.6693508174396465,0.0022313735715582,0.998,0.998,1.788139343261719e-07,0.4328358208955223,0.3275862068965517,0.2647058823529412,0.984126984126984,0.9558823529411764,0.9,0.6842105263157895,1.0
yolo11n,43,int8_dynamic,test_resolution,500,1734464,0.0492849430302158,0.3299364590784535,0.634,0.5965418610485862,0.50613280367197,0.6401107027266126,0.6693508174396465,-0.0728089563910603,0.914,0.914,1.788139343261719e-07,0.2537313432835821,0.2586206896551724,0.1176470588235294,0.984126984126984,0.9558823529411764,0.8666666666666667,0.6842105263157895,1.0
yolo11n,43,int8_static,test_resolution,500,1805136,4.175409088958986,0.1642710760934278,0.608,0.5617185367471138,0.4632272117405369,0.6128240051426842,0.6693508174396465,-0.1076322806925327,0.894,0.894,0.0078125,0.2388059701492537,0.2241379310344827,0.088235294117647,0.984126984126984,0.9558823529411764,0.85,0.5614035087719298,1.0
yolo11n,43,fp32,test_occlusion,500,6266700,9.311402581981383,0.2920974129810929,0.922,0.9219619805249152,0.9186701984255348,0.9257162403475716,0.9219619805249152,0.0,1.0,1.0,2.384185791015625e-07,0.9701492537313432,0.896551724137931,0.6617647058823529,0.984126984126984,0.9264705882352942,0.9666666666666668,1.0,1.0
yolo11n,43,fp16_weights,test_occlusion,500,3226800,0.0519806030206382,0.29303493804764,0.924,0.9239375332294928,0.9208601807231838,0.9278714127613644,0.9219619805249152,0.0019755527045776,0.998,0.998,1.788139343261719e-07,0.9701492537313432,0.913793103448276,0.6617647058823529,0.984126984126984,0.9264705882352942,0.9666666666666668,1.0,1.0
yolo11n,43,int8_dynamic,test_occlusion,500,1734464,0.0492849430302158,0.337445994024165,0.926,0.9262091154869908,0.9235167174226796,0.9292935045866004,0.9219619805249152,0.0042471349620755,0.992,0.992,1.788139343261719e-07,0.9701492537313432,0.896551724137931,0.6911764705882353,1.0,0.9264705882352942,0.95,1.0,1.0
yolo11n,43,int8_static,test_occlusion,500,1805136,4.175409088958986,0.1775382959749549,0.912,0.9114468552023433,0.9066004640744229,0.9159630287180922,0.9219619805249152,-0.0105151253225721,0.99,0.99,0.0078125,0.9701492537313432,0.8793103448275862,0.6176470588235294,0.984126984126984,0.9264705882352942,0.95,1.0,1.0
yolo11n,43,fp32,test_rotation,500,6266700,9.311402581981383,0.2910516599658876,0.94,0.9411403828355916,0.9394450230396711,0.9422877943423038,0.9411403828355916,0.0,1.0,1.0,2.384185791015625e-07,0.9850746268656716,0.896551724137931,0.7794117647058824,0.984126984126984,0.9264705882352942,0.9666666666666668,1.0,1.0
yolo11n,43,fp16_weights,test_rotation,500,3226800,0.0519806030206382,0.296356240985915,0.94,0.9411403828355916,0.9394450230396711,0.9422877943423038,0.9411403828355916,0.0,1.0,1.0,1.788139343261719e-07,0.9850746268656716,0.896551724137931,0.7794117647058824,0.984126984126984,0.9264705882352942,0.9666666666666668,1.0,1.0
yolo11n,43,int8_dynamic,test_rotation,500,1734464,0.0492849430302158,0.3255199380218982,0.926,0.9269584819924036,0.923398105595319,0.9280975261094316,0.9411403828355916,-0.0141819008431878,0.974,0.974,1.788139343261719e-07,0.9552238805970148,0.8275862068965517,0.7352941176470589,0.984126984126984,0.9558823529411764,0.9666666666666668,1.0,1.0
yolo11n,43,int8_static,test_rotation,500,1805136,4.175409088958986,0.1624732359778136,0.928,0.9287735806386264,0.925189407886969,0.9299631977512228,0.9411403828355916,-0.0123668021969651,0.976,0.976,0.0078125,0.9701492537313432,0.8275862068965517,0.7352941176470589,0.984126984126984,0.9558823529411764,0.9666666666666668,1.0,1.0
yolo11n_random,42,fp32,test_clean,500,6266700,9.893014439963736,0.2985832629492506,0.86,0.8640402292700274,0.8562886455826935,0.8625370611751247,0.8640402292700274,0.0,1.0,1.0,2.384185791015625e-07,0.8955223880597015,0.6896551724137931,0.8235294117647058,0.8571428571428571,0.7352941176470589,0.95,1.0,0.9491525423728814
yolo11n_random,42,fp16_weights,test_clean,500,3226800,0.0500305710593238,0.3063115960685536,0.86,0.8640402292700274,0.8562886455826935,0.8625370611751247,0.8640402292700274,0.0,1.0,1.0,2.384185791015625e-07,0.8955223880597015,0.6896551724137931,0.8235294117647058,0.8571428571428571,0.7352941176470589,0.95,1.0,0.9491525423728814
yolo11n_random,42,int8_dynamic,test_clean,500,1734464,0.0483057670062407,0.313018967048265,0.858,0.8620160030082635,0.8543621856835699,0.8606988258810071,0.8640402292700274,-0.0020242262617639,0.998,0.998,2.384185791015625e-07,0.8955223880597015,0.6896551724137931,0.8088235294117647,0.8571428571428571,0.7352941176470589,0.95,1.0,0.9491525423728814
yolo11n_random,42,int8_static,test_clean,500,1805136,4.166464940994047,0.1644957999233156,0.856,0.8599865329191105,0.8523179800257515,0.8591775277065649,0.8640402292700274,-0.0040536963509169,0.992,0.992,0.0078125,0.8955223880597015,0.7068965517241379,0.8235294117647058,0.8571428571428571,0.6911764705882353,0.95,1.0,0.9491525423728814
yolo11n_random,42,fp32,test_blur,500,6266700,9.893014439963736,0.286219589994289,0.846,0.852014565610002,0.84472326067429,0.8514420424505307,0.852014565610002,0.0,1.0,1.0,1.788139343261719e-07,0.8507462686567164,0.7931034482758621,0.75,0.8253968253968254,0.6764705882352942,0.9666666666666668,1.0,0.9491525423728814
yolo11n_random,42,fp16_weights,test_blur,500,3226800,0.0500305710593238,0.300520156044513,0.846,0.852014565610002,0.84472326067429,0.8514420424505307,0.852014565610002,0.0,1.0,1.0,2.384185791015625e-07,0.8507462686567164,0.7931034482758621,0.75,0.8253968253968254,0.6764705882352942,0.9666666666666668,1.0,0.9491525423728814
yolo11n_random,42,int8_dynamic,test_blur,500,1734464,0.0483057670062407,0.3319625440053642,0.848,0.8538889983186704,0.8469971647201788,0.8532802777446484,0.852014565610002,0.0018744327086683,0.998,0.998,1.788139343261719e-07,0.8507462686567164,0.7931034482758621,0.75,0.8253968253968254,0.6911764705882353,0.9666666666666668,1.0,0.9491525423728814
yolo11n_random,42,int8_static,test_blur,500,1805136,4.166464940994047,0.1638782910304144,0.844,0.8498699828976549,0.8421000768188811,0.8504906538217696,0.852014565610002,-0.002144582712347,0.986,0.986,0.0078125,0.835820895522388,0.8275862068965517,0.75,0.8253968253968254,0.6323529411764706,0.9666666666666668,1.0,0.9661016949152542
yolo11n_random,42,fp32,test_noise,500,6266700,9.893014439963736,0.3118237979942933,0.854,0.8589705162049452,0.8501167384113018,0.8567019870324732,0.8589705162049452,0.0,1.0,1.0,1.788139343261719e-07,0.8955223880597015,0.6896551724137931,0.8235294117647058,0.8412698412698413,0.7205882352941176,0.9,1.0,0.9830508474576272
yolo11n_random,42,fp16_weights,test_noise,500,3226800,0.0500305710593238,0.2923094349680468,0.854,0.8589705162049452,0.8501167384113018,0.8567019870324732,0.8589705162049452,0.0,1.0,1.0,1.788139343261719e-07,0.8955223880597015,0.6896551724137931,0.8235294117647058,0.8412698412698413,0.7205882352941176,0.9,1.0,0.9830508474576272
yolo11n_random,42,int8_dynamic,test_noise,500,1734464,0.0483057670062407,0.31401867500972,0.854,0.8589705162049452,0.8501167384113018,0.8567019870324732,0.8589705162049452,0.0,1.0,1.0,1.788139343261719e-07,0.8955223880597015,0.6896551724137931,0.8235294117647058,0.8412698412698413,0.7205882352941176,0.9,1.0,0.9830508474576272
yolo11n_random,42,int8_static,test_noise,500,1805136,4.166464940994047,0.1697226969990879,0.854,0.8594328316813773,0.8510867094352674,0.8571899695818148,0.8589705162049452,0.000462315476432,0.99,0.99,0.0078125,0.8955223880597015,0.7241379310344828,0.8235294117647058,0.8253968253968254,0.7058823529411765,0.9,1.0,0.9830508474576272
yolo11n_random,42,fp32,test_brightness,500,6266700,9.893014439963736,0.2972289120079949,0.818,0.8242800261675721,0.8113142656696429,0.8219923098493309,0.8242800261675721,0.0,1.0,1.0,2.384185791015625e-07,0.8805970149253731,0.6551724137931034,0.6470588235294118,0.7301587301587301,0.7647058823529411,0.9333333333333332,0.9649122807017544,1.0
yolo11n_random,42,fp16_weights,test_brightness,500,3226800,0.0500305710593238,0.3093973209615797,0.818,0.8242800261675721,0.8113142656696429,0.8219923098493309,0.8242800261675721,0.0,1.0,1.0,1.788139343261719e-07,0.8805970149253731,0.6551724137931034,0.6470588235294118,0.7301587301587301,0.7647058823529411,0.9333333333333332,0.9649122807017544,1.0
yolo11n_random,42,int8_dynamic,test_brightness,500,1734464,0.0483057670062407,0.318978528957814,0.82,0.8262477986851668,0.8139528323143667,0.8241474822631241,0.8242800261675721,0.0019677725175947,0.998,0.998,2.384185791015625e-07,0.8805970149253731,0.6724137931034483,0.6470588235294118,0.7301587301587301,0.7647058823529411,0.9333333333333332,0.9649122807017544,1.0
yolo11n_random,42,int8_static,test_brightness,500,1805136,4.166464940994047,0.1680248139891773,0.808,0.8143082265022411,0.8017445802345247,0.8129106236358254,0.8242800261675721,-0.009971799665331,0.964,0.964,0.0078125,0.8805970149253731,0.7413793103448276,0.6323529411764706,0.6349206349206349,0.75,0.9166666666666666,0.9473684210526316,1.0
yolo11n_random,42,fp32,test_color,500,6266700,9.893014439963736,0.2850527929840609,0.578,0.5195653794973575,0.0,0.562925042636715,0.5195653794973575,0.0,1.0,1.0,2.384185791015625e-07,0.835820895522388,0.5862068965517241,0.7352941176470589,0.6666666666666666,0.7794117647058824,0.9,0.0,0.0
yolo11n_random,42,fp16_weights,test_color,500,3226800,0.0500305710593238,0.2937899969983846,0.578,0.5195653794973575,0.0,0.562925042636715,0.5195653794973575,0.0,1.0,1.0,1.788139343261719e-07,0.835820895522388,0.5862068965517241,0.7352941176470589,0.6666666666666666,0.7794117647058824,0.9,0.0,0.0
yolo11n_random,42,int8_dynamic,test_color,500,1734464,0.0483057670062407,0.3114778910530731,0.578,0.5195653794973575,0.0,0.562925042636715,0.5195653794973575,0.0,0.996,0.996,1.788139343261719e-07,0.835820895522388,0.5862068965517241,0.7352941176470589,0.6666666666666666,0.7794117647058824,0.9,0.0,0.0
yolo11n_random,42,int8_static,test_color,500,1805136,4.166464940994047,0.1679427510825917,0.562,0.5049073013306574,0.0,0.5481066787668919,0.5195653794973575,-0.0146580781667,0.952,0.952,0.0078125,0.8805970149253731,0.6206896551724138,0.7205882352941176,0.6031746031746031,0.6764705882352942,0.8833333333333333,0.0,0.0
yolo11n_random,42,fp32,test_jpeg,500,6266700,9.893014439963736,0.2947235699975863,0.818,0.8212257937784668,0.8082936386520778,0.8212294901866466,0.8212257937784668,0.0,1.0,1.0,1.788139343261719e-07,0.9402985074626866,0.6551724137931034,0.7352941176470589,0.6190476190476191,0.7205882352941176,0.9333333333333332,1.0,0.9661016949152542
yolo11n_random,42,fp16_weights,test_jpeg,500,3226800,0.0500305710593238,0.3106370359892025,0.818,0.8212257937784668,0.8082936386520778,0.8212294901866466,0.8212257937784668,0.0,1.0,1.0,2.384185791015625e-07,0.9402985074626866,0.6551724137931034,0.7352941176470589,0.6190476190476191,0.7205882352941176,0.9333333333333332,1.0,0.9661016949152542
yolo11n_random,42,int8_dynamic,test_jpeg,500,1734464,0.0483057670062407,0.2992700999602675,0.818,0.8212614755610235,0.8082936386520779,0.8212294901866467,0.8212257937784668,3.568178255664023e-05,0.99,0.99,2.384185791015625e-07,0.9402985074626866,0.6551724137931034,0.7205882352941176,0.6190476190476191,0.7352941176470589,0.9333333333333332,1.0,0.9661016949152542
yolo11n_random,42,int8_static,test_jpeg,500,1805136,4.166464940994047,0.1694746189750731,0.808,0.8109501378192745,0.797228951686872,0.8119153622366161,0.8212257937784668,-0.0102756559591923,0.972,0.972,0.0078125,0.9402985074626866,0.7068965517241379,0.7352941176470589,0.5555555555555556,0.6911764705882353,0.9,1.0,0.9661016949152542
yolo11n_random,42,fp32,test_resolution,500,6266700,9.893014439963736,0.3038502730196342,0.838,0.8430886027635203,0.8358681920982951,0.8431922886117847,0.8430886027635203,0.0,1.0,1.0,1.788139343261719e-07,0.8656716417910447,0.8275862068965517,0.75,0.6825396825396826,0.7205882352941176,0.95,1.0,0.9491525423728814
yolo11n_random,42,fp16_weights,test_resolution,500,3226800,0.0500305710593238,0.2965017100796103,0.838,0.8430886027635203,0.8358681920982951,0.8431922886117847,0.8430886027635203,0.0,1.0,1.0,2.384185791015625e-07,0.8656716417910447,0.8275862068965517,0.75,0.6825396825396826,0.7205882352941176,0.95,1.0,0.9491525423728814
yolo11n_random,42,int8_dynamic,test_resolution,500,1734464,0.0483057670062407,0.314273783005774,0.84,0.845135110591085,0.8378995264299303,0.8450305239059024,0.8430886027635203,0.0020465078275647,0.998,0.998,1.788139343261719e-07,0.8656716417910447,0.8275862068965517,0.7647058823529411,0.6825396825396826,0.7205882352941176,0.95,1.0,0.9491525423728814
yolo11n_random,42,int8_static,test_resolution,500,1805136,4.166464940994047,0.171050535980612,0.836,0.8411981953812281,0.832369109851811,0.8420506055602279,0.8430886027635203,-0.0018904073822921,0.982,0.982,0.0078125,0.8656716417910447,0.8448275862068966,0.7647058823529411,0.6666666666666666,0.6617647058823529,0.9666666666666668,1.0,0.9661016949152542
yolo11n_random,42,fp32,test_occlusion,500,6266700,9.893014439963736,0.2996873910306021,0.856,0.8579496435614902,0.8474229466164442,0.8575507910623447,0.8579496435614902,0.0,1.0,1.0,2.384185791015625e-07,0.9402985074626866,0.603448275862069,0.7647058823529411,0.9047619047619048,0.7647058823529411,0.9333333333333332,1.0,0.9491525423728814
yolo11n_random,42,fp16_weights,test_occlusion,500,3226800,0.0500305710593238,0.2958143739961087,0.856,0.8579496435614902,0.8474229466164442,0.8575507910623447,0.8579496435614902,0.0,1.0,1.0,2.384185791015625e-07,0.9402985074626866,0.603448275862069,0.7647058823529411,0.9047619047619048,0.7647058823529411,0.9333333333333332,1.0,0.9491525423728814
yolo11n_random,42,int8_dynamic,test_occlusion,500,1734464,0.0483057670062407,0.3180673980386928,0.854,0.8559760556188504,0.8455501406500505,0.8555666640782177,0.8579496435614902,-0.0019735879426397,0.998,0.998,1.788139343261719e-07,0.9402985074626866,0.603448275862069,0.7647058823529411,0.8888888888888888,0.7647058823529411,0.9333333333333332,1.0,0.9491525423728814
yolo11n_random,42,int8_static,test_occlusion,500,1805136,4.166464940994047,0.1659753510029986,0.858,0.8612885082671103,0.8521819880642528,0.8602292567599426,0.8579496435614902,0.0033388647056201,0.982,0.982,0.0078125,0.9402985074626866,0.6551724137931034,0.7647058823529411,0.8888888888888888,0.75,0.9166666666666666,1.0,0.9661016949152542
yolo11n_random,42,fp32,test_rotation,500,6266700,9.893014439963736,0.3075956359971314,0.864,0.8683845496350108,0.8611859876970384,0.8666104953180391,0.8683845496350108,0.0,1.0,1.0,1.1920928955078125e-07,0.9253731343283582,0.7241379310344828,0.8088235294117647,0.8253968253968254,0.75,0.95,1.0,0.9491525423728814
yolo11n_random,42,fp16_weights,test_rotation,500,3226800,0.0500305710593238,0.3051460299175232,0.864,0.8683845496350108,0.8611859876970384,0.8666104953180391,0.8683845496350108,0.0,1.0,1.0,1.788139343261719e-07,0.9253731343283582,0.7241379310344828,0.8088235294117647,0.8253968253968254,0.75,0.95,1.0,0.9491525423728814
yolo11n_random,42,int8_dynamic,test_rotation,500,1734464,0.0483057670062407,0.3110336540266871,0.862,0.8664115632083227,0.8585958314622344,0.864455322904246,0.8683845496350108,-0.001972986426688,0.998,0.998,1.788139343261719e-07,0.9253731343283582,0.7068965517241379,0.8088235294117647,0.8253968253968254,0.75,0.95,1.0,0.9491525423728814
yolo11n_random,42,int8_static,test_rotation,500,1805136,4.166464940994047,0.1762829119106754,0.866,0.8708052073528852,0.8635372139218944,0.8689001848155018,0.8683845496350108,0.0024206577178744,0.99,0.99,0.0078125,0.9253731343283582,0.7413793103448276,0.8088235294117647,0.8095238095238095,0.75,0.95,1.0,0.9661016949152542
yolo11n_random,43,fp32,test_clean,500,6266700,9.395209106965922,0.2857600189745426,0.858,0.8595997102255646,0.8500185479327805,0.8584528202325186,0.8595997102255646,0.0,1.0,1.0,1.788139343261719e-07,0.9402985074626866,0.6206896551724138,0.7794117647058824,0.9365079365079364,0.8088235294117647,0.8333333333333334,0.9824561403508772,0.9661016949152542
yolo11n_random,43,fp16_weights,test_clean,500,3226800,0.0510555109940469,0.2945006840163842,0.858,0.8595997102255646,0.8500185479327805,0.8584528202325186,0.8595997102255646,0.0,1.0,1.0,2.384185791015625e-07,0.9402985074626866,0.6206896551724138,0.7794117647058824,0.9365079365079364,0.8088235294117647,0.8333333333333334,0.9824561403508772,0.9661016949152542
yolo11n_random,43,int8_dynamic,test_clean,500,1734464,0.0489983360748738,0.3200939809903502,0.852,0.8542611708246424,0.8443570166403535,0.8524374754981336,0.8595997102255646,-0.0053385394009222,0.994,0.994,2.384185791015625e-07,0.9402985074626866,0.6206896551724138,0.7794117647058824,0.9206349206349206,0.7941176470588235,0.8333333333333334,0.9649122807017544,0.9661016949152542
yolo11n_random,43,int8_static,test_clean,500,1805136,4.168953946908005,0.1786420400021597,0.848,0.8502357093715789,0.8400594484835544,0.848270808831467,0.8595997102255646,-0.0093640008539856,0.99,0.99,0.0078125,0.9402985074626866,0.6206896551724138,0.7794117647058824,0.9206349206349206,0.7941176470588235,0.8,0.9649122807017544,0.9661016949152542
yolo11n_random,43,fp32,test_blur,500,6266700,9.395209106965922,0.2883330640615895,0.844,0.8486006473352151,0.8371267368657253,0.848811396169146,0.8486006473352151,0.0,1.0,1.0,2.384185791015625e-07,0.8805970149253731,0.7241379310344828,0.5735294117647058,0.9206349206349206,0.8088235294117647,0.9166666666666666,1.0,0.9661016949152542
yolo11n_random,43,fp16_weights,test_blur,500,3226800,0.0510555109940469,0.2912793039577082,0.844,0.8486006473352151,0.8371267368657253,0.848811396169146,0.8486006473352151,0.0,1.0,1.0,2.384185791015625e-07,0.8805970149253731,0.7241379310344828,0.5735294117647058,0.9206349206349206,0.8088235294117647,0.9166666666666666,1.0,0.9661016949152542
yolo11n_random,43,int8_dynamic,test_blur,500,1734464,0.0489983360748738,0.2873650309629738,0.846,0.8508522486280916,0.8389486030905823,0.8509300402369426,0.8486006473352151,0.0022516012928764,0.996,0.996,1.788139343261719e-07,0.8805970149253731,0.7241379310344828,0.5735294117647058,0.9206349206349206,0.8088235294117647,0.9166666666666666,1.0,0.9830508474576272
yolo11n_random,43,int8_static,test_blur,500,1805136,4.168953946908005,0.1642466599587351,0.85,0.8548646869626717,0.8424765345558021,0.854534740823645,0.8486006473352151,0.0062640396274565,0.988,0.988,0.0078125,0.8955223880597015,0.7241379310344828,0.5735294117647058,0.9365079365079364,0.8235294117647058,0.9,1.0,0.9830508474576272
yolo11n_random,43,fp32,test_noise,500,6266700,9.395209106965922,0.2909741461044177,0.836,0.8386372085328915,0.8267918550543463,0.8356497851023201,0.8386372085328915,0.0,1.0,1.0,2.384185791015625e-07,0.9402985074626866,0.6206896551724138,0.7941176470588235,0.8888888888888888,0.7941176470588235,0.7166666666666667,0.9473684210526316,0.9830508474576272
yolo11n_random,43,fp16_weights,test_noise,500,3226800,0.0510555109940469,0.2847123879473656,0.836,0.8386372085328915,0.8267918550543463,0.8356497851023201,0.8386372085328915,0.0,1.0,1.0,1.788139343261719e-07,0.9402985074626866,0.6206896551724138,0.7941176470588235,0.8888888888888888,0.7941176470588235,0.7166666666666667,0.9473684210526316,0.9830508474576272
yolo11n_random,43,int8_dynamic,test_noise,500,1734464,0.0489983360748738,0.3020651149563491,0.836,0.8389522631579176,0.8276921880774566,0.8356119750599729,0.8386372085328915,0.0003150546250261,0.996,0.996,2.384185791015625e-07,0.9402985074626866,0.6379310344827587,0.7941176470588235,0.8888888888888888,0.7941176470588235,0.7166666666666667,0.9298245614035088,0.9830508474576272
yolo11n_random,43,int8_static,test_noise,500,1805136,4.168953946908005,0.1655671799089759,0.834,0.837230501587988,0.8258300638774282,0.8336278480758459,0.8386372085328915,-0.0014067069449035,0.994,0.994,0.0078125,0.9402985074626866,0.6379310344827587,0.7941176470588235,0.873015873015873,0.7941176470588235,0.7166666666666667,0.9298245614035088,0.9830508474576272
yolo11n_random,43,fp32,test_brightness,500,6266700,9.395209106965922,0.2941444379976019,0.79,0.7948937111184651,0.7713131540681868,0.7910357459071068,0.7948937111184651,0.0,1.0,1.0,2.384185791015625e-07,0.9104477611940298,0.5344827586206896,0.5147058823529411,0.8571428571428571,0.8676470588235294,0.7666666666666667,0.8771929824561403,1.0
yolo11n_random,43,fp16_weights,test_brightness,500,3226800,0.0510555109940469,0.2848864720435813,0.79,0.7948937111184651,0.7713131540681868,0.7910357459071068,0.7948937111184651,0.0,1.0,1.0,1.788139343261719e-07,0.9104477611940298,0.5344827586206896,0.5147058823529411,0.8571428571428571,0.8676470588235294,0.7666666666666667,0.8771929824561403,1.0
yolo11n_random,43,int8_dynamic,test_brightness,500,1734464,0.0489983360748738,0.2970568739110604,0.792,0.79678996642886,0.7754039841534185,0.7931531082785526,0.7948937111184651,0.0018962553103949,0.994,0.994,1.788139343261719e-07,0.9104477611940298,0.5689655172413793,0.5147058823529411,0.8571428571428571,0.8676470588235294,0.7666666666666667,0.8596491228070176,1.0
yolo11n_random,43,int8_static,test_brightness,500,1805136,4.168953946908005,0.1673650289885699,0.788,0.7923797451772744,0.7712861061079165,0.7888767924890789,0.7948937111184651,-0.0025139659411906,0.99,0.99,0.0078125,0.9104477611940298,0.5689655172413793,0.5147058823529411,0.8571428571428571,0.8676470588235294,0.75,0.8421052631578947,1.0
yolo11n_random,43,fp32,test_color,500,6266700,9.395209106965922,0.2799381740624085,0.572,0.5204294690780429,0.0,0.5583999914942817,0.5204294690780429,0.0,1.0,1.0,1.788139343261719e-07,0.8805970149253731,0.7241379310344828,0.7058823529411765,0.8095238095238095,0.6470588235294118,0.7,0.0,0.0
yolo11n_random,43,fp16_weights,test_color,500,3226800,0.0510555109940469,0.2788925860077142,0.572,0.5204294690780429,0.0,0.5583999914942817,0.5204294690780429,0.0,1.0,1.0,2.384185791015625e-07,0.8805970149253731,0.7241379310344828,0.7058823529411765,0.8095238095238095,0.6470588235294118,0.7,0.0,0.0
yolo11n_random,43,int8_dynamic,test_color,500,1734464,0.0489983360748738,0.3059814899461344,0.566,0.5157281226778068,0.0,0.5522514113725778,0.5204294690780429,-0.0047013464002361,0.99,0.99,1.1920928955078125e-07,0.8805970149253731,0.6896551724137931,0.7058823529411765,0.8095238095238095,0.6323529411764706,0.7,0.0,0.0
yolo11n_random,43,int8_static,test_color,500,1805136,4.168953946908005,0.163196632056497,0.576,0.52485335506827,0.0,0.5623490655483329,0.5204294690780429,0.0044238859902271,0.966,0.966,0.0078125,0.9104477611940298,0.7413793103448276,0.7205882352941176,0.8253968253968254,0.6176470588235294,0.6833333333333333,0.0,0.0
yolo11n_random,43,fp32,test_jpeg,500,6266700,9.395209106965922,0.2869584530126303,0.824,0.8257513697899073,0.8138490424697077,0.8245816208071779,0.8257513697899073,0.0,1.0,1.0,2.384185791015625e-07,0.9701492537313432,0.603448275862069,0.7647058823529411,0.6984126984126984,0.7941176470588235,0.8166666666666667,1.0,0.9491525423728814
yolo11n_random,43,fp16_weights,test_jpeg,500,3226800,0.0510555109940469,0.2805239029694348,0.824,0.8257513697899073,0.8138490424697077,0.8245816208071779,0.8257513697899073,0.0,1.0,1.0,1.788139343261719e-07,0.9701492537313432,0.603448275862069,0.7647058823529411,0.6984126984126984,0.7941176470588235,0.8166666666666667,1.0,0.9491525423728814
yolo11n_random,43,int8_dynamic,test_jpeg,500,1734464,0.0489983360748738,0.2794496510177851,0.814,0.8161195148638578,0.8030249177989779,0.8142181212028594,0.8257513697899073,-0.0096318549260494,0.982,0.982,1.788139343261719e-07,0.9701492537313432,0.5862068965517241,0.75,0.6825396825396826,0.7941176470588235,0.8166666666666667,0.9649122807017544,0.9491525423728814
yolo11n_random,43,int8_static,test_jpeg,500,1805136,4.168953946908005,0.160554100992158,0.804,0.8060839205583976,0.7916816296614729,0.804379768136285,0.8257513697899073,-0.0196674492315096,0.972,0.972,0.0078125,0.9701492537313432,0.603448275862069,0.75,0.6190476190476191,0.7941176470588235,0.7666666666666667,0.9824561403508772,0.9491525423728814
yolo11n_random,43,fp32,test_resolution,500,6266700,9.395209106965922,0.2977123250020668,0.826,0.8309145830038596,0.8154252552208603,0.8303693470214719,0.8309145830038596,0.0,1.0,1.0,1.788139343261719e-07,0.8955223880597015,0.6724137931034483,0.5294117647058824,0.8412698412698413,0.8382352941176471,0.9,1.0,0.9661016949152542
yolo11n_random,43,fp16_weights,test_resolution,500,3226800,0.0510555109940469,0.3166111299069598,0.826,0.8309145830038596,0.8154252552208603,0.8303693470214719,0.8309145830038596,0.0,1.0,1.0,1.788139343261719e-07,0.8955223880597015,0.6724137931034483,0.5294117647058824,0.8412698412698413,0.8382352941176471,0.9,1.0,0.9661016949152542
yolo11n_random,43,int8_dynamic,test_resolution,500,1734464,0.0489983360748738,0.2990979680325836,0.832,0.8370318008821611,0.8226026919788614,0.8364813987971792,0.8309145830038596,0.0061172178783015,0.994,0.994,1.788139343261719e-07,0.8955223880597015,0.6896551724137931,0.5441176470588235,0.8412698412698413,0.8382352941176471,0.9,1.0,0.9830508474576272
yolo11n_random,43,int8_static,test_resolution,500,1805136,4.168953946908005,0.1665269510122016,0.828,0.8331599504013297,0.8187311692681816,0.8323147321305125,0.8309145830038596,0.0022453673974701,0.99,0.99,0.0078125,0.8955223880597015,0.6896551724137931,0.5441176470588235,0.8412698412698413,0.8382352941176471,0.8666666666666667,1.0,0.9830508474576272
yolo11n_random,43,fp32,test_occlusion,500,6266700,9.395209106965922,0.3031305209733546,0.834,0.8319869799780368,0.8094060730529165,0.8323789943219864,0.8319869799780368,0.0,1.0,1.0,2.384185791015625e-07,0.9701492537313432,0.4310344827586206,0.7352941176470589,0.873015873015873,0.8676470588235294,0.8333333333333334,0.9824561403508772,0.9661016949152542
yolo11n_random,43,fp16_weights,test_occlusion,500,3226800,0.0510555109940469,0.2967836590250954,0.834,0.8319869799780368,0.8094060730529165,0.8323789943219864,0.8319869799780368,0.0,1.0,1.0,1.788139343261719e-07,0.9701492537313432,0.4310344827586206,0.7352941176470589,0.873015873015873,0.8676470588235294,0.8333333333333334,0.9824561403508772,0.9661016949152542
yolo11n_random,43,int8_dynamic,test_occlusion,500,1734464,0.0489983360748738,0.3071803239872679,0.84,0.8379157159609745,0.8173814801539113,0.8382106373240147,0.8319869799780368,0.0059287359829376,0.99,0.99,1.788139343261719e-07,0.9701492537313432,0.4482758620689655,0.7647058823529411,0.873015873015873,0.8676470588235294,0.8333333333333334,0.9824561403508772,0.9661016949152542
yolo11n_random,43,int8_static,test_occlusion,500,1805136,4.168953946908005,0.1583002799889072,0.828,0.8266399620141566,0.8056666963619451,0.8265451377908681,0.8319869799780368,-0.0053470179638802,0.986,0.986,0.0078125,0.9701492537313432,0.4482758620689655,0.7352941176470589,0.8571428571428571,0.8529411764705882,0.8,0.9824561403508772,0.9661016949152542
yolo11n_random,43,fp32,test_rotation,500,6266700,9.395209106965922,0.3004192609805614,0.858,0.8598991524708404,0.8454860567262097,0.8585555218071654,0.8598991524708404,0.0,1.0,1.0,1.788139343261719e-07,0.9402985074626866,0.5517241379310345,0.7941176470588235,0.9365079365079364,0.7794117647058824,0.8833333333333333,1.0,0.9830508474576272
yolo11n_random,43,fp16_weights,test_rotation,500,3226800,0.0510555109940469,0.2785787549801171,0.858,0.8598991524708404,0.8454860567262097,0.8585555218071654,0.8598991524708404,0.0,1.0,1.0,1.788139343261719e-07,0.9402985074626866,0.5517241379310345,0.7941176470588235,0.9365079365079364,0.7794117647058824,0.8833333333333333,1.0,0.9830508474576272
yolo11n_random,43,int8_dynamic,test_rotation,500,1734464,0.0489983360748738,0.3468533590203151,0.86,0.8623874969207157,0.849924504567729,0.8607632843082887,0.8598991524708404,0.0024883444498753,0.99,0.99,2.384185791015625e-07,0.9552238805970148,0.5862068965517241,0.7941176470588235,0.9047619047619048,0.7794117647058824,0.8833333333333333,1.0,0.9830508474576272
yolo11n_random,43,int8_static,test_rotation,500,1805136,4.168953946908005,0.1680979459779337,0.86,0.8625738217271557,0.8509811220922724,0.8608351233887486,0.8598991524708404,0.0026746692563153,0.986,0.986,0.0078125,0.9552238805970148,0.603448275862069,0.7941176470588235,0.9047619047619048,0.7794117647058824,0.8666666666666667,1.0,0.9830508474576272
