method,scenario,seed,voting_macro_f1,ranking_macro_f1,voting_gmean,ranking_gmean,agreement
polygarbor,few100,42,0.7114389435645015,0.7114389435645015,0.6734791725847649,0.6734791725847649,1.0
polygarbor,few100,43,0.7067715830891326,0.7067715830891326,0.6877727188193852,0.6877727188193852,1.0
polygarbor_aug,few100,42,0.7131384012947105,0.7131384012947105,0.6669044322071144,0.6669044322071144,1.0
polygarbor_aug,few100,43,0.739269795187671,0.739269795187671,0.7213884460750004,0.7213884460750004,1.0
polygarbor_p3,few100,42,0.4980501484768086,0.5009298719244382,0.39771223483399215,0.3212466027677334,0.874
polygarbor_p3,few100,43,0.5489054174713938,0.5216142960417731,0.0,0.3449998119059342,0.872
polygarbor_p3_aug,few100,42,0.5886673642958347,0.5399907719604949,0.5282878985851301,0.48620958446357043,0.844
polygarbor_p3_aug,few100,43,0.5353135052597147,0.4968412579831455,0.4395946669862425,0.34999197960943856,0.86
polygarbor_p5,few100,42,0.43889672837940263,0.444174617934036,0.0,0.0,0.818
polygarbor_p5,few100,43,0.5452079868029973,0.464842348693549,0.0,0.0,0.764
polygarbor,few10,42,0.5098073496104538,0.5098073496104538,0.3507515240185982,0.3507515240185982,1.0
polygarbor,few10,43,0.49246147521323214,0.49246147521323214,0.0,0.0,1.0
polygarbor_aug,few10,42,0.5538169782575038,0.5538169782575038,0.4745322660630497,0.4745322660630497,1.0
polygarbor_aug,few10,43,0.5319004998955366,0.5319004998955366,0.3436701100716739,0.3436701100716739,1.0
polygarbor_p3,few10,42,0.5353253105389335,0.5002173973360815,0.4289573244437969,0.38295381478084495,0.832
polygarbor_p3,few10,43,0.39275490727889273,0.42569146869309027,0.0,0.0,0.888
polygarbor_p3_aug,few10,42,0.5625739741753856,0.5174014228455689,0.4624344103367708,0.402235670615221,0.844
polygarbor_p3_aug,few10,43,0.4572294224564573,0.45105161215809486,0.2542269983528546,0.0,0.844
polygarbor_p5,few10,42,0.43145930793080856,0.443995445475736,0.0,0.0,0.842
polygarbor_p5,few10,43,0.4923221669480815,0.4518653005554727,0.0,0.0,0.76
polygarbor_aug,few1,42,0.3137582346629481,0.3137582346629481,0.1296267661047854,0.1296267661047854,1.0
polygarbor_aug,few1,43,0.42813389746244335,0.42813389746244335,0.3311848372023092,0.3311848372023092,1.0
polygarbor_p3,few1,42,0.23305222260592318,0.1988617101428937,0.0,0.0,0.946
polygarbor_p3,few1,43,0.2829670801169248,0.22540087777106976,0.0,0.0,0.746
polygarbor_p3_aug,few1,42,0.35579302125402035,0.3240500403841617,0.0,0.0,0.906
polygarbor_p3_aug,few1,43,0.32901672556671957,0.28896099302197054,0.27582540551792967,0.19320211161024173,0.796
polygarbor_p5,few1,42,0.17475693806525425,0.16757094724968088,0.0,0.0,0.94
polygarbor_p5,few1,43,0.23643110435663628,0.21337317708481734,0.0,0.0,0.898
polygarbor,few20,42,0.5446889401894105,0.5446889401894105,0.0,0.0,1.0
polygarbor,few20,43,0.5935290733089535,0.5935290733089535,0.5093590162654879,0.5093590162654879,1.0
polygarbor_aug,few20,42,0.6011408081505517,0.6011408081505517,0.5110188890366274,0.5110188890366274,1.0
polygarbor_aug,few20,43,0.641363560830302,0.641363560830302,0.5866540432095898,0.5866540432095898,1.0
polygarbor_p3,few20,42,0.49057739183253957,0.4355969551586182,0.3508299971716343,0.2835517611954426,0.814
polygarbor_p3,few20,43,0.433097724505225,0.4560262700556059,0.0,0.0,0.854
polygarbor_p3_aug,few20,42,0.5176985700817796,0.44065930483218213,0.363797608119934,0.3156736618403223,0.816
polygarbor_p3_aug,few20,43,0.48840480370875433,0.47237732700046575,0.316190603064654,0.2742540131946895,0.858
polygarbor_p5,few20,42,0.44333028929962504,0.4390883203069874,0.0,0.0,0.784
polygarbor_p5,few20,43,0.5078920786901171,0.49986785608558326,0.0,0.0,0.776
polygarbor,few2,42,0.23326414622582825,0.23326414622582825,0.0,0.0,1.0
polygarbor,few2,43,0.19572835796516197,0.19572835796516197,0.0,0.0,1.0
polygarbor_aug,few2,42,0.44011831623620246,0.44011831623620246,0.0,0.0,1.0
polygarbor_aug,few2,43,0.39219920329034363,0.39219920329034363,0.0,0.0,1.0
polygarbor_p3,few2,42,0.3135382029406664,0.2623514208764329,0.0,0.0,0.87
polygarbor_p3,few2,43,0.2942280915093921,0.24787050322234222,0.0,0.0,0.746
polygarbor_p3_aug,few2,42,0.4254011090201352,0.3850382696653164,0.0,0.0,0.82
polygarbor_p3_aug,few2,43,0.3016624263915586,0.23997228603798207,0.0,0.0,0.814
polygarbor_p5,few2,42,0.2454426110836174,0.21985563832668456,0.0,0.0,0.846
polygarbor_p5,few2,43,0.29718214692298983,0.18730227278913625,0.0,0.0,0.68
polygarbor,few50,42,0.6675760904616215,0.6675760904616215,0.6186633964471401,0.6186633964471401,1.0
polygarbor,few50,43,0.6780423910551538,0.6780423910551538,0.6399980655506603,0.6399980655506603,1.0
polygarbor_aug,few50,42,0.6832529396348581,0.6832529396348581,0.6221977596861944,0.6221977596861944,1.0
polygarbor_aug,few50,43,0.7133624650828864,0.7133624650828864,0.6810119275857737,0.6810119275857737,1.0
polygarbor_p3,few50,42,0.4940806372225963,0.5126523419476849,0.0,0.0,0.858
polygarbor_p3,few50,43,0.5195060831160644,0.49660416099079413,0.0,0.0,0.876
polygarbor_p3_aug,few50,42,0.46539302487397427,0.4648641763740258,0.0,0.0,0.884
polygarbor_p3_aug,few50,43,0.5465951302391479,0.49163810483966575,0.4685146296689603,0.344796219514162,0.852
polygarbor_p5,few50,42,0.483586403045978,0.4697826290260838,0.0,0.0,0.804
polygarbor_p5,few50,43,0.5397569913524028,0.4734489075999577,0.0,0.0,0.794
polygarbor,few5,42,0.43141142055713344,0.43141142055713344,0.0,0.0,1.0
polygarbor,few5,43,0.40368778265879807,0.40368778265879807,0.0,0.0,1.0
polygarbor_aug,few5,42,0.5116674946999014,0.5116674946999014,0.0,0.0,1.0
polygarbor_aug,few5,43,0.45303416834028964,0.45303416834028964,0.0,0.0,1.0
polygarbor_p3,few5,42,0.24755656186802544,0.2213315019016706,0.0,0.0,0.946
polygarbor_p3,few5,43,0.2585773370024792,0.3049358561950777,0.0,0.0,0.858
polygarbor_p3_aug,few5,42,0.3774183488126263,0.38087745959699837,0.0,0.0,0.87
polygarbor_p3_aug,few5,43,0.30142436445831167,0.3113191061555386,0.0,0.0,0.85
polygarbor_p5,few5,42,0.24338547441042402,0.21500929694100346,0.0,0.0,0.894
polygarbor_p5,few5,43,0.3765121413210414,0.32446472527074255,0.0,0.0,0.78
polygarbor,full,42,0.7802214916655392,0.7802214916655392,0.7623790057575974,0.7623790057575974,1.0
polygarbor,full,43,0.805394756854946,0.805394756854946,0.7923421495822015,0.7923421495822015,1.0
polygarbor_aug,full,42,0.8014379358295276,0.8014379358295276,0.7884210386468858,0.7884210386468858,1.0
polygarbor_aug,full,43,0.7567641558046314,0.7567641558046314,0.7309814328556731,0.7309814328556731,1.0
polygarbor_p3,full,42,0.537941950480494,0.5009337315739567,0.42336198423180843,0.3484402232788439,0.856
polygarbor_p3,full,43,0.5070611862736639,0.5161411565895468,0.3921775661989724,0.39175376602527134,0.88
polygarbor_p3_aug,full,42,0.5089587665923312,0.48342372436181946,0.37797791006793413,0.3929872455247766,0.866
polygarbor_p3_aug,full,43,0.6353919074107965,0.604970880864909,0.5827471600732389,0.5688544768153855,0.832
polygarbor_p5,full,42,0.4090245831067274,0.38712179153036896,0.0,0.0,0.844
polygarbor_p5,full,43,0.44485347104754014,0.4692226623194681,0.0,0.0,0.822
polygarbor,imbalance,42,0.4082199066385256,0.4082199066385256,0.0,0.0,1.0
polygarbor_aug,imbalance,42,0.551523423930639,0.551523423930639,0.38493914806851787,0.38493914806851787,1.0
polygarbor_p3,imbalance,42,0.5329397905389219,0.48838884808673877,0.3930415619383613,0.302725149156891,0.884
polygarbor_p3_aug,imbalance,42,0.5863951628310251,0.5246641227009651,0.0,0.0,0.858
polygarbor_p5,imbalance,42,0.5060330674415361,0.46959826004519906,0.0,0.0,0.866
polygarbor,label_noise,42,0.8248085273091407,0.8248085273091407,0.8181888419368457,0.8181888419368457,1.0
polygarbor_aug,label_noise,42,0.8038183555599498,0.8038183555599498,0.7945507195798763,0.7945507195798763,1.0
polygarbor_p3,label_noise,42,0.6780238401344918,0.6890373940770637,0.6429603703018179,0.6736183854929718,0.812
polygarbor_p3_aug,label_noise,42,0.7266272385231163,0.641850388833886,0.7086869528050701,0.6237914118379627,0.794
polygarbor_p5,label_noise,42,0.650321754128137,0.49808447762654684,0.6104514471400804,0.4341317235622113,0.736
polygarbor,source_a,42,0.754385937859879,0.754385937859879,0.7500859539614771,0.7500859539614771,1.0
polygarbor_aug,source_a,42,0.7330111667887184,0.7330111667887184,0.7031236223507324,0.7031236223507324,1.0
polygarbor_p3,source_a,42,0.4715236591480576,0.4277149436394286,0.0,0.0,0.8206896551724138
polygarbor_p3_aug,source_a,42,0.49281273566493344,0.4788863150687235,0.0,0.0,0.8189655172413793
polygarbor_p5,source_a,42,0.3365412849975955,0.2602031435704719,0.0,0.0,0.8724137931034482
polygarbor,source_b,42,0.4999704822045441,0.4999704822045441,0.0,0.0,1.0
polygarbor_aug,source_b,42,0.5692458439711963,0.5692458439711963,0.611176008218885,0.611176008218885,1.0
polygarbor_p3,source_b,42,0.3906591696990922,0.39048756250319816,0.0,0.0,0.8916607270135424
polygarbor_p3_aug,source_b,42,0.3732854980484766,0.38579567400454384,0.0,0.0,0.902352102637206
polygarbor_p5,source_b,42,0.3230912562669641,0.3061135784853839,0.0,0.0,0.9187455452601568
