run,method,scenario,seed,status,error,path,n_train,originals_retained,fitted_vectors_or_images,train_seconds,training_cpu_core_percent,epochs,model_mb,batch1_median_ms,batch1_p95_ms,rss_peak_mb,vram_peak_mb,fit_cpu_core_percent,fit_gpu_global_percent,evaluation,n,accuracy,macro_f1,balanced_accuracy,mcc,kappa,top2_accuracy,nll,brier,ece,auroc_macro,multiclass_gmean,score_argmax_agreement,examples_per_class
few100__polygarbor__seed42,polygarbor,few100,42,complete,,runs/2026-09-12/few100__polygarbor__seed42,800,800,800,4.3671662498964,107.85025644745568,0,0.186852,18.85767752537504,19.834440905833617,522.932224,0.0,,,test_clean,500,0.724,0.7114389435645015,0.7284424518063085,0.6930323338031699,0.6842322037388737,0.866,0.8324139278107581,0.41084177751340395,0.10926373994694592,0.9626187382696088,0.6734791725847649,1.0,100
few100__polygarbor__seed43,polygarbor,few100,43,complete,,runs/2026-09-12/few100__polygarbor__seed43,800,800,800,4.815293913939968,110.6889858700004,0,0.186627,22.78974646469578,29.09184678574092,524.26752,0.0,333.6,44.0,test_clean,500,0.708,0.7067715830891326,0.7128360168516173,0.672923730989071,0.6661162921528181,0.882,0.848231936274983,0.42751764687260235,0.08564017687650795,0.9581147795908256,0.6877727188193852,1.0,100
few100__polygarbor_aug__seed42,polygarbor_aug,few100,42,complete,,runs/2026-09-12/few100__polygarbor_aug__seed42,800,800,2800,15.208366474020295,106.71757566945084,0,0.651063,18.453533470164984,20.318897714605555,528.11776,0.0,349.0,23.0,test_clean,500,0.73,0.7131384012947105,0.7363201547865614,0.7013521059195207,0.6914469082980211,0.88,0.9864107262400365,0.49115777726348975,0.26575177281730167,0.9623727976675596,0.6669044322071144,1.0,100
few100__polygarbor_aug__seed43,polygarbor_aug,few100,43,complete,,runs/2026-09-12/few100__polygarbor_aug__seed43,800,799,2800,15.744328953907825,107.34023691626012,0,0.650249,18.667091033421457,20.952961931470778,547.422208,0.0,306.29999999999995,34.0,test_clean,500,0.74,0.739269795187671,0.7468862302125475,0.7080773654532002,0.702950840649121,0.888,0.9406808421512687,0.47766688710426936,0.2449345946123972,0.9620298437915434,0.7213884460750004,1.0,100
few100__polygarbor_p3__seed42,polygarbor_p3,few100,42,complete,,runs/2026-09-12/few100__polygarbor_p3__seed42,800,789,2800,5.398733928101137,125.39977131973922,0,0.649411,30.158082023262978,32.698219595476985,555.450368,0.0,293.3,35.0,test_clean,500,0.56,0.4980501484768086,0.5597416784012267,0.520498050501687,0.49652142072500915,0.85,1.1690016939504762,0.5844860143619548,0.1642955832990264,0.9537842197729205,0.39771223483399215,0.874,100
few100__polygarbor_p3__seed43,polygarbor_p3,few100,43,complete,,runs/2026-09-12/few100__polygarbor_p3__seed43,800,788,2800,5.508710731053725,129.61290488081656,0,0.648581,32.01905998867005,34.51533365878276,582.725632,0.0,322.43333333333334,33.333333333333336,test_clean,500,0.62,0.5489054174713938,0.6202850388740159,0.5835017875799146,0.5657837603126357,0.826,1.1571675086040367,0.5782505944208306,0.19386599652608552,0.9476829880108988,0.0,0.872,100
few100__polygarbor_p3_aug__seed42,polygarbor_p3_aug,few100,42,complete,,runs/2026-09-12/few100__polygarbor_p3_aug__seed42,800,771,2800,20.04668906191364,106.85056237389091,0,0.649039,30.04987398162484,35.374772537034005,565.972992,0.0,298.7,27.5,test_clean,500,0.622,0.5886673642958347,0.6241315598397563,0.5844877827269912,0.5675096795452673,0.848,1.2150719364753728,0.6097346398582972,0.26620987553585956,0.9434332184403527,0.5282878985851301,0.844,100
few100__polygarbor_p3_aug__seed43,polygarbor_p3_aug,few100,43,complete,,runs/2026-09-12/few100__polygarbor_p3_aug__seed43,800,787,2800,21.3203274308471,106.98709986506859,0,0.648357,30.76127398526296,33.04778126766905,571.846656,0.0,322.43333333333334,39.0,test_clean,500,0.584,0.5353135052597147,0.5883290467441226,0.54275103126576,0.5247886680374686,0.828,1.1731908695476536,0.5863346761086348,0.1922856288320022,0.9459917385089509,0.4395946669862425,0.86,100
few100__polygarbor_p5__seed42,polygarbor_p5,few100,42,complete,,runs/2026-09-12/few100__polygarbor_p5__seed42,800,779,2800,7.476999333128333,121.97406464371375,0,0.648292,37.8378015011549,51.80951646761969,557.969408,0.0,341.3333333333333,68.0,test_clean,500,0.532,0.43889672837940263,0.5321889958591088,0.4876886682397078,0.46471707781275173,0.784,1.3446322548436038,0.6504285430783842,0.17888228187143732,0.931662062667447,0.0,0.818,100
few100__polygarbor_p5__seed43,polygarbor_p5,few100,43,complete,,runs/2026-09-12/few100__polygarbor_p5__seed43,800,781,2800,7.481701731914654,121.49642321645668,0,0.647415,39.984270464628935,50.71717266691847,561.025024,0.0,330.2,37.0,test_clean,500,0.61,0.5452079868029973,0.6103526635392533,0.5699376116171585,0.5543488694173626,0.764,1.2939825122156525,0.6411380573552483,0.2452487165954728,0.9227589231493546,0.0,0.764,100
few100__resnet18__seed42,resnet18,few100,42,complete,,runs/2026-09-12/few100__resnet18__seed42,800,800,800,65.39845558907837,79.00798196926988,44,45.011183,3.7828494678251445,5.118037050124258,2704.986112,4095.737856,77.22467105263159,71.48026315789474,test_clean,500,0.858,0.8563042852636711,0.8574718815529158,0.838631089827308,0.8375516517107413,0.966,0.3973421428441236,0.21388219944664508,0.04211122106973507,0.9886119584504323,0.8496201465799968,1.0,100
few100__resnet18__seed43,resnet18,few100,43,complete,,runs/2026-09-12/few100__resnet18__seed43,800,800,800,98.83911464491393,75.63807129250425,67,45.011183,3.679697518236935,5.138515925500542,2702.45888,3886.022656,74.18715203426125,81.82655246252676,test_clean,500,0.878,0.880444321492251,0.8786444211276985,0.8606703222979913,0.8604259525356714,0.98,0.3834683145512434,0.18304900071788643,0.051872251625814034,0.9864785767669247,0.8727785932149379,1.0,100
few100__yolo11n__seed42,yolo11n,few100,42,complete,,runs/2026-09-12/few100__yolo11n__seed42,800,800,800,72.54056330898311,328.9194198612638,21,3.203496,4.823129449505359,7.42632560431957,2824.6016,710.934528,350.8353658536585,39.2469512195122,test_clean,500,0.912,0.9144792083489894,0.9143168570260585,0.8996893335086649,0.8993600212258864,0.982,0.24498171626860601,0.12594477106637805,0.02803648514535438,0.9944582940961912,0.911909171442669,1.0,100
few100__yolo11n__seed43,yolo11n,few100,43,complete,,runs/2026-09-12/few100__yolo11n__seed43,800,800,800,53.32010871905368,320.62950377839024,15,3.203048,3.1192025053314865,4.367885354440658,2818.445312,631.242752,350.137339055794,32.892703862660944,test_clean,500,0.914,0.9163029830450959,0.917543726370171,0.9022729865011937,0.9016954112332425,0.974,0.2750006603153026,0.1352270907377164,0.02974319302081405,0.9929345907572894,0.914877622357501,1.0,100
few10__polygarbor__seed42,polygarbor,few10,42,complete,,runs/2026-09-12/few10__polygarbor__seed42,80,80,80,0.573548638029024,99.38128385393459,0,0.0197,6.103559513576329,8.660900761606172,392.040448,0.0,,,test_clean,500,0.546,0.5098073496104538,0.5588321833833001,0.4952948562400751,0.48145813059945275,0.746,1.3039148261002527,0.5755924064771282,0.10581982913353799,0.8858691357648463,0.3507515240185982,1.0,10
few10__polygarbor__seed43,polygarbor,few10,43,complete,,runs/2026-09-12/few10__polygarbor__seed43,80,80,80,0.5435710590099916,99.34303731760565,0,0.019653,6.826993951108307,7.29321381659247,392.06912,0.0,,,test_clean,500,0.53,0.49246147521323214,0.5370324132965089,0.4894797625746816,0.46208007910856363,0.712,1.4331485489423001,0.6296213345668821,0.14154205755812818,0.9016939281581167,0.0,1.0,10
few10__polygarbor_aug__seed42,polygarbor_aug,few10,42,complete,,runs/2026-09-12/few10__polygarbor_aug__seed42,80,80,320,1.5140353271272033,103.69639148242247,0,0.07544,7.672845444176346,8.010924031259492,395.505664,0.0,,,test_clean,500,0.574,0.5538169782575038,0.5832790986086547,0.5234544858889739,0.5131317287252279,0.772,1.0397999060469505,0.5105762177531702,0.06730202718560442,0.9112894002284905,0.4745322660630497,1.0,10
few10__polygarbor_aug__seed43,polygarbor_aug,few10,43,complete,,runs/2026-09-12/few10__polygarbor_aug__seed43,80,80,320,1.5349029171047732,102.93810653381853,0,0.075225,7.936238485854119,8.05415403447114,395.603968,0.0,,,test_clean,500,0.574,0.5319004998955366,0.5852683652117596,0.545160424512062,0.5129914670617609,0.754,1.1615058405420313,0.5497484662642574,0.08599363442089661,0.9181456562810666,0.3436701100716739,1.0,10
few10__polygarbor_p3__seed42,polygarbor_p3,few10,42,complete,,runs/2026-09-12/few10__polygarbor_p3__seed42,80,80,720,0.6334148989990354,151.55942834894725,0,0.167885,21.155873546376824,21.631574304774404,399.388672,0.0,209.1,34.0,test_clean,500,0.574,0.5353253105389335,0.5767924938453273,0.5367966267556397,0.5120252555567264,0.806,1.2211418927346567,0.5998086351952697,0.11932479346503037,0.9162722334894091,0.4289573244437969,0.832,10
few10__polygarbor_p3__seed43,polygarbor_p3,few10,43,complete,,runs/2026-09-12/few10__polygarbor_p3__seed43,80,80,720,0.6088772179791704,149.45541943911766,0,0.16758,20.697266969364136,20.943113713292405,399.048704,0.0,229.0,35.0,test_clean,500,0.496,0.39275490727889273,0.49316045941450865,0.45053876355124695,0.4227703358926903,0.766,1.4195369944640617,0.6541119627246832,0.1180764128972861,0.9176311237644037,0.0,0.888,10
few10__polygarbor_p3_aug__seed42,polygarbor_p3_aug,few10,42,complete,,runs/2026-09-12/few10__polygarbor_p3_aug__seed42,80,80,2800,2.4623465901240706,149.04481825261973,0,0.649625,24.99563299352303,25.82429558970034,420.999168,0.0,358.70000000000005,38.0,test_clean,500,0.596,0.5625739741753856,0.5993280838887483,0.5582003940237699,0.5374737825485651,0.806,1.1870312377436125,0.5859193287751171,0.15648703900150074,0.9255144811130875,0.4624344103367708,0.844,10
few10__polygarbor_p3_aug__seed43,polygarbor_p3_aug,few10,43,complete,,runs/2026-09-12/few10__polygarbor_p3_aug__seed43,80,80,2800,2.4031766270054504,146.47279606685424,0,0.648141,22.79233594890684,23.162558540934697,420.130816,0.0,375.15,16.0,test_clean,500,0.548,0.4572294224564573,0.5478053318497887,0.5040196607814018,0.4832773931573122,0.8,1.2428421470913722,0.6027218597044903,0.13311503638867112,0.9285425109107734,0.2542269983528546,0.844,10
few10__polygarbor_p5__seed42,polygarbor_p5,few10,42,complete,,runs/2026-09-12/few10__polygarbor_p5__seed42,80,80,2000,1.0876768940361217,198.58838703327893,0,0.463519,39.23826897516847,41.47618976421654,424.538112,0.0,302.0,34.0,test_clean,500,0.504,0.43145930793080856,0.5041899930981752,0.4591587603303727,0.43227082513025716,0.768,1.3586841633964288,0.6344892301788084,0.13394725855291068,0.91526701478641,0.0,0.842,10
few10__polygarbor_p5__seed43,polygarbor_p5,few10,43,complete,,runs/2026-09-12/few10__polygarbor_p5__seed43,80,80,2000,1.0702790978830308,194.34183140772876,0,0.462532,33.400869520846754,35.16566398902796,420.327424,0.0,301.15,35.0,test_clean,500,0.552,0.4923221669480815,0.5528253311103134,0.5070616776925861,0.4877634930870939,0.758,1.4020491741271124,0.6502057296482854,0.1725468028344904,0.913850776784352,0.0,0.76,10
few10__resnet18__seed42,resnet18,few10,42,complete,,runs/2026-09-12/few10__resnet18__seed42,80,80,80,32.74335956608411,112.38920039872083,15,45.011183,3.806927998084575,5.771070625633001,2414.862336,4099.93216,113.70935251798561,70.82014388489209,test_clean,500,0.136,0.05811703096539162,0.14285714285714285,0.09640113030573182,0.020257091796467508,0.168,16.913063304030512,1.6871884733937172,0.8445022384615986,0.5887092816546725,0.0,1.0,10
few10__resnet18__seed43,resnet18,few10,43,complete,,runs/2026-09-12/few10__resnet18__seed43,80,80,80,38.23024793993682,109.67755183245428,33,45.011183,3.9511744980700314,5.365843081381172,2423.35744,4120.90368,110.42874251497005,71.91616766467065,test_clean,500,0.346,0.27526208863876894,0.3533030295079673,0.32572542994549547,0.2486696627974303,0.472,4.464963666103729,1.1244975419303622,0.4351527801662265,0.7580270542378575,0.0,1.0,10
few10__yolo11n__seed42,yolo11n,few10,42,complete,,runs/2026-09-12/few10__yolo11n__seed42,80,80,80,31.533055773121305,301.9688313276803,21,3.203496,4.306533490307629,7.305772241670638,2667.606016,710.934528,327.56449275362314,57.8768115942029,test_clean,500,0.818,0.8190675520593553,0.8259827551609293,0.7942800180258296,0.7921605708047269,0.938,0.5935514764934099,0.2709278694673214,0.08640587819764525,0.9755262930162529,0.81522887819878,1.0,10
few10__yolo11n__seed43,yolo11n,few10,43,complete,,runs/2026-09-12/few10__yolo11n__seed43,80,80,80,40.21046431490686,313.3761376470489,29,3.204072,4.492198000662029,7.281322992639615,2611.544064,811.597824,334.17237569060774,61.91160220994475,test_clean,500,0.846,0.8492905807958611,0.8528212620713618,0.8261292183033195,0.824094084535357,0.95,0.5543933030009259,0.24565556675763958,0.08431296680547234,0.9781838154140421,0.840923210100164,1.0,10
few1__polygarbor_aug__seed42,polygarbor_aug,few1,42,complete,,runs/2026-09-12/few1__polygarbor_aug__seed42,8,8,32,0.22703838488087058,96.8999141336547,0,0.008548,4.6717909863218665,4.861845803679898,377.131008,0.0,,,test_clean,500,0.334,0.3137582346629481,0.35368059585914274,0.2636917044501068,0.2413196026610771,0.482,3.675690212802722,0.9771277800941726,0.4093485437233775,0.7281208609568568,0.1296267661047854,1.0,1
few1__polygarbor_aug__seed43,polygarbor_aug,few1,43,complete,,runs/2026-09-12/few1__polygarbor_aug__seed43,8,8,32,0.2175492059905082,96.52988575336938,0,0.008495,4.7897344920784235,4.873704491183162,380.321792,0.0,,,test_clean,500,0.424,0.42813389746244335,0.43363630210350085,0.35798981910838756,0.3428348461822811,0.632,2.76031527497387,0.8571614211964383,0.29878355515966604,0.802887288126428,0.3311848372023092,1.0,1
few1__polygarbor_p3__seed42,polygarbor_p3,few1,42,complete,,runs/2026-09-12/few1__polygarbor_p3__seed42,8,8,72,0.12133545707911253,98.8993678259752,0,0.017811,6.882047513499856,10.653139324858778,380.239872,0.0,,,test_clean,500,0.34,0.23305222260592318,0.34658065604182475,0.285324413689395,0.24539692121943868,0.468,4.447013136979813,1.127132361155293,0.4867533330974042,0.7569681300733584,0.0,0.946,1
few1__polygarbor_p3__seed43,polygarbor_p3,few1,43,complete,,runs/2026-09-12/few1__polygarbor_p3__seed43,8,8,72,0.12011411495041102,99.90499455417174,0,0.017705,6.6042745020240545,6.66500580846332,380.342272,0.0,,,test_clean,500,0.34,0.2829670801169248,0.34596568555368623,0.2611487529061621,0.24760601915184688,0.546,2.797313137133138,0.9948987145159237,0.2960931814845108,0.7990835767540043,0.0,0.746,1
few1__polygarbor_p3_aug__seed42,polygarbor_p3_aug,few1,42,complete,,runs/2026-09-12/few1__polygarbor_p3_aug__seed42,8,8,288,0.2761854550335556,112.24341990143388,0,0.067883,9.455975494347513,9.709822171134874,381.087744,0.0,,,test_clean,500,0.424,0.35579302125402035,0.4391463896565039,0.401061269847846,0.34354485776805255,0.492,4.054406540454559,0.9930263625634285,0.37291832917995354,0.7710536380429809,0.0,0.906,1
few1__polygarbor_p3_aug__seed43,polygarbor_p3_aug,few1,43,complete,,runs/2026-09-12/few1__polygarbor_p3_aug__seed43,8,8,288,0.2811854981118813,120.91661991213968,0,0.067445,9.534507407806814,10.140364646213127,381.321216,0.0,,,test_clean,500,0.356,0.32901672556671957,0.35949014867801127,0.27406107999258955,0.26496772249564005,0.578,2.093894739102192,0.893680571298079,0.2667732599211682,0.806676791599256,0.27582540551792967,0.796,1
few1__polygarbor_p5__seed42,polygarbor_p5,few1,42,complete,,runs/2026-09-12/few1__polygarbor_p5__seed42,8,8,200,0.16372669802512974,97.7238299739252,0,0.047356,11.920230463147163,12.289273279020563,377.15968,0.0,,,test_clean,500,0.3,0.17475693806525425,0.3042372881355932,0.23720524056795705,0.19919461858783694,0.524,4.308496477551029,1.1048501904739216,0.4677385322808574,0.7479445344362825,0.0,0.94,1
few1__polygarbor_p5__seed43,polygarbor_p5,few1,43,complete,,runs/2026-09-12/few1__polygarbor_p5__seed43,8,8,200,0.15328853798564523,104.37831954205429,0,0.047127,11.981841525994241,12.347680004313588,377.56928,0.0,,,test_clean,500,0.324,0.23643110435663628,0.33713264967003753,0.29894022216161287,0.23209741912031978,0.496,3.0346340365725544,1.0334855236502294,0.38295819053781155,0.8162295788263749,0.0,0.898,1
few1__resnet18__seed42,resnet18,few1,42,complete,,runs/2026-09-12/few1__resnet18__seed42,8,8,8,23.224903225083835,114.14471674253578,9,45.011183,4.712145542725921,6.422050739638506,2366.799872,4349.493248,116.15104166666667,47.729166666666664,test_clean,500,0.126,0.02797513321492007,0.125,0.0,0.0,0.26,3.423508855643272,1.3799938271914438,0.6304424100662464,0.4131889326233187,0.0,1.0,1
few1__resnet18__seed43,resnet18,few1,43,complete,,runs/2026-09-12/few1__resnet18__seed43,8,8,8,21.91755643405486,114.56569109585966,12,45.011183,3.0538560240529478,4.349259735317899,2358.919168,3995.07456,116.89545454545454,49.03409090909091,test_clean,500,0.152,0.05477729885057471,0.14382606490872213,0.037305988058727826,0.023230526810479102,0.252,2.41730819488704,0.9220943532513928,0.1268349229565129,0.4309837004480147,0.0,1.0,1
few1__yolo11n__seed42,yolo11n,few1,42,complete,,runs/2026-09-12/few1__yolo11n__seed42,8,8,8,47.68331575207412,320.80403299836826,42,3.205032,3.9532509981654584,5.58932246058248,2595.196928,947.912704,337.3840182648402,39.602739726027394,test_clean,500,0.592,0.551097526141523,0.5992306836200465,0.559646457047608,0.5332961190369427,0.688,2.096028105837144,0.6444917480803894,0.26255779097311693,0.8795234468315918,0.35463215651851077,1.0,1
few1__yolo11n__seed43,yolo11n,few1,43,complete,,runs/2026-09-12/few1__yolo11n__seed43,8,8,8,31.393163394997828,312.169878412493,30,3.204136,3.0616549775004387,4.618403542554005,2613.424128,792.723456,333.80567375886517,32.177304964539005,test_clean,500,0.514,0.5273232588658343,0.5199078941740939,0.4468865226190147,0.44290587631134914,0.686,1.6632631032704652,0.7069368005976286,0.24997780105907758,0.847888743433736,0.4518998317094219,1.0,1
few20__polygarbor__seed42,polygarbor,few20,42,complete,,runs/2026-09-12/few20__polygarbor__seed42,160,160,160,1.1075044040335342,100.22533508285629,0,0.038254,9.31442657019943,10.163798002758995,401.424384,0.0,,,test_clean,500,0.566,0.5446889401894105,0.5704171392589065,0.5207599968883537,0.5028887432935797,0.752,1.2328319560375216,0.5561007955295303,0.04967170206262651,0.9185979944831448,0.0,1.0,20
few20__polygarbor__seed43,polygarbor,few20,43,complete,,runs/2026-09-12/few20__polygarbor__seed43,160,160,160,1.0696919551119208,100.96364610753766,0,0.038163,8.2479955162853,11.07026015524752,401.1008,0.0,,,test_clean,500,0.612,0.5935290733089535,0.6169249864226566,0.568622072157674,0.5553314385257174,0.808,1.0917892341383804,0.5127941288946045,0.07808819008624787,0.9160342354486286,0.5093590162654879,1.0,20
few20__polygarbor_aug__seed42,polygarbor_aug,few20,42,complete,,runs/2026-09-12/few20__polygarbor_aug__seed42,160,160,640,2.8736726770875975,105.78797036414639,0,0.149655,10.867103526834399,11.337636463576928,412.991488,0.0,,,test_clean,500,0.618,0.6011408081505517,0.6227589882250191,0.573733528208169,0.5627769842141889,0.802,0.9960004334506042,0.49463461732065894,0.07224861804405307,0.9362606936895455,0.5110188890366274,1.0,20
few20__polygarbor_aug__seed43,polygarbor_aug,few20,43,complete,,runs/2026-09-12/few20__polygarbor_aug__seed43,160,160,640,2.8629866869887337,106.88139116771386,0,0.14927,11.494218022562563,11.85930019710213,408.469504,0.0,109.1,42.0,test_clean,500,0.652,0.641363560830302,0.6598445267930411,0.6154605080886226,0.6018525298381783,0.828,0.9795633970855736,0.472826438931721,0.05960925350560531,0.9328464219876864,0.5866540432095898,1.0,20
few20__polygarbor_p3__seed42,polygarbor_p3,few20,42,complete,,runs/2026-09-12/few20__polygarbor_p3__seed42,160,160,1440,1.2349130939692259,153.85698064736434,0,0.334598,25.496374524664134,26.794134301599115,411.762688,0.0,383.6,33.0,test_clean,500,0.552,0.49057739183253957,0.5525055861384305,0.5113280179394425,0.4868340870457679,0.788,1.2321923442272493,0.603095126809575,0.1262878077488182,0.9365104385167835,0.3508299971716343,0.814,20
few20__polygarbor_p3__seed43,polygarbor_p3,few20,43,complete,,runs/2026-09-12/few20__polygarbor_p3__seed43,160,160,1440,1.2858810140751302,159.42377075024027,0,0.333834,26.28797694342211,27.761697000823915,411.529216,0.0,359.4,0.0,test_clean,500,0.516,0.433097724505225,0.5154065589179573,0.4697258481794797,0.44642187228357844,0.8,1.214587133619021,0.5939147540169957,0.092206810794003,0.9326822644378007,0.0,0.854,20
few20__polygarbor_p3_aug__seed42,polygarbor_p3_aug,few20,42,complete,,runs/2026-09-12/few20__polygarbor_p3_aug__seed42,160,160,2800,4.351577838067897,131.21677268526685,0,0.649283,28.23461004300043,35.48419557628222,435.79392,0.0,329.15,42.0,test_clean,500,0.582,0.5176985700817796,0.5831764259725134,0.5438713893856101,0.5214566036699013,0.774,1.2901791321637142,0.6366611148224255,0.21801087612988662,0.9302773299099689,0.363797608119934,0.816,20
few20__polygarbor_p3_aug__seed43,polygarbor_p3_aug,few20,43,complete,,runs/2026-09-12/few20__polygarbor_p3_aug__seed43,160,160,2800,4.2116658058948815,129.1650442061636,0,0.647893,35.877038491889834,41.74163042916916,438.734848,0.0,253.70000000000002,37.5,test_clean,500,0.556,0.48840480370875433,0.5594360774541475,0.5120553127252211,0.492889024930672,0.802,1.222737919739049,0.5970444262500189,0.14279648460978153,0.9332067594334803,0.316190603064654,0.858,20
few20__polygarbor_p5__seed42,polygarbor_p5,few20,42,complete,,runs/2026-09-12/few20__polygarbor_p5__seed42,160,160,2800,1.9819399340776727,179.1174363541975,0,0.648195,37.459761020727456,40.71844115387648,439.775232,0.0,358.35,35.0,test_clean,500,0.546,0.44333028929962504,0.5437155776704231,0.5025525704931979,0.4805515764229912,0.754,1.4075560054118759,0.6638679794139876,0.2059472922684907,0.9200492184681277,0.0,0.784,20
few20__polygarbor_p5__seed43,polygarbor_p5,few20,43,complete,,runs/2026-09-12/few20__polygarbor_p5__seed43,160,160,2800,1.8972014599712566,176.0487787127574,0,0.646993,36.35349549585953,39.98372968635521,438.505472,0.0,404.35,37.0,test_clean,500,0.572,0.5078920786901171,0.5695400917272038,0.5322232759159434,0.5102414463897471,0.816,1.3194255602781662,0.6450533172862117,0.2432382919832046,0.9200327290830131,0.0,0.776,20
few20__resnet18__seed42,resnet18,few20,42,complete,,runs/2026-09-12/few20__resnet18__seed42,160,160,160,28.972702835919335,108.30884566660514,21,45.011183,3.9835125207901,5.892340029822662,2429.136896,3649.04448,109.13666666666668,73.30833333333334,test_clean,500,0.28,0.19968030919412438,0.2852545283086011,0.21079463928172013,0.17507630544174668,0.47,2.982820920464013,0.9641447428722321,0.1747856872825866,0.7117026282510455,0.0,1.0,20
few20__resnet18__seed43,resnet18,few20,43,complete,,runs/2026-09-12/few20__resnet18__seed43,160,160,160,31.87336913892068,107.39373001582577,32,45.011183,3.930121543817222,6.496774178231134,2420.215808,3802.136576,107.93161764705881,70.02941176470588,test_clean,500,0.294,0.21859972997360794,0.2972325273121953,0.2492370087363747,0.18868479599904386,0.52,2.8251378903666824,1.1289321361046296,0.5029792271631696,0.7752876581464572,0.0,1.0,20
few20__yolo11n__seed42,yolo11n,few20,42,complete,,runs/2026-09-12/few20__yolo11n__seed42,160,160,160,28.761626098072156,297.5492404643153,16,3.203112,3.948874946217984,5.661837256047873,2637.651968,660.60288,326.15080645161294,57.46774193548387,test_clean,500,0.82,0.8213111796717623,0.8238351088725018,0.7948115609275824,0.7941605639085707,0.936,0.5900971222035095,0.2641188841459747,0.09155703045826198,0.9766574512705999,0.8105158396262249,1.0,20
few20__yolo11n__seed43,yolo11n,few20,43,complete,,runs/2026-09-12/few20__yolo11n__seed43,160,160,160,43.991935512050986,317.9901006212355,28,3.204008,3.990285040345043,5.2050049824174485,2640.031744,801.112064,338.3597989949749,55.5929648241206,test_clean,500,0.86,0.8646602710766181,0.8647551604241585,0.8409150139666456,0.8399612248910593,0.952,0.5197014403096321,0.22119464460766916,0.06961406880960491,0.9826216711419299,0.8588882694443082,1.0,20
few2__polygarbor__seed42,polygarbor,few2,42,complete,,runs/2026-09-12/few2__polygarbor__seed42,16,16,16,0.15289942605886608,98.10370376553945,0,0.004825,4.6192415175028145,4.734153329627588,379.20768,0.0,,,test_clean,500,0.316,0.23326414622582825,0.31647851606173255,0.22912254483222444,0.21664559397504257,0.524,2.3283010706418947,0.8803860872624985,0.2164948641009935,0.7839946817407764,0.0,1.0,2
few2__polygarbor__seed43,polygarbor,few2,43,complete,,runs/2026-09-12/few2__polygarbor__seed43,16,16,16,0.20778428902849555,96.25366813588685,0,0.004822,4.948151996359229,5.405956442700699,379.199488,0.0,,,test_clean,500,0.264,0.19572835796516197,0.27965162917042047,0.24273964494486835,0.1645022431298473,0.538,2.264410798012882,0.927272621041412,0.35451205934024993,0.8215646063216002,0.0,1.0,2
few2__polygarbor_aug__seed42,polygarbor_aug,few2,42,complete,,runs/2026-09-12/few2__polygarbor_aug__seed42,16,16,64,0.35267590009607375,102.07672253815213,0,0.015947,4.939121019560844,5.030807887669653,382.144512,0.0,,,test_clean,500,0.48,0.44011831623620246,0.49586305653562374,0.42961015143512554,0.40678816861818146,0.666,1.7548980766157543,0.6453401662495746,0.1390307803024991,0.8532687890879862,0.0,1.0,2
few2__polygarbor_aug__seed43,polygarbor_aug,few2,43,complete,,runs/2026-09-12/few2__polygarbor_aug__seed43,16,16,64,0.3658387379255146,98.40401321122432,0,0.015941,5.013163492549211,5.365997180342674,381.927424,0.0,,,test_clean,500,0.426,0.39219920329034363,0.44260103516469673,0.4346083316602406,0.34702383931781056,0.582,2.536783798282685,0.830199023494035,0.3187448509486814,0.8354464122675425,0.0,1.0,2
few2__polygarbor_p3__seed42,polygarbor_p3,few2,42,complete,,runs/2026-09-12/few2__polygarbor_p3__seed42,16,16,144,0.1742129469057545,103.32182722181722,0,0.034493,8.190805034246296,8.370038191787899,382.181376,0.0,,,test_clean,500,0.41,0.3135382029406664,0.4233637278676922,0.3622517767493992,0.3271353758005948,0.57,2.5153304470752897,0.8705722950677236,0.2490336078861336,0.8401907425160644,0.0,0.87,2
few2__polygarbor_p3__seed43,polygarbor_p3,few2,43,complete,,runs/2026-09-12/few2__polygarbor_p3__seed43,16,16,144,0.1727705339435488,98.39640829931439,0,0.034388,8.165880048181862,8.379526360658929,382.291968,0.0,,,test_clean,500,0.348,0.2942280915093921,0.35627827920542576,0.2716735269698675,0.2580116533139112,0.506,2.8882334490454644,0.9957804358414392,0.24396790668968257,0.8134421950007343,0.0,0.746,2
few2__polygarbor_p3_aug__seed42,polygarbor_p3_aug,few2,42,complete,,runs/2026-09-12/few2__polygarbor_p3_aug__seed42,16,16,576,0.4895852410700172,130.72289487347342,0,0.134487,12.669868941884488,13.16063022823073,384.282624,0.0,,,test_clean,500,0.494,0.4254011090201352,0.5117233030392079,0.4525146803254018,0.42307253779672993,0.626,1.9678859298528908,0.7090759552514048,0.13052504907285142,0.8593993425053479,0.0,0.82,2
few2__polygarbor_p3_aug__seed43,polygarbor_p3_aug,few2,43,complete,,runs/2026-09-12/few2__polygarbor_p3_aug__seed43,16,16,576,0.5022207860602066,135.3986172763628,0,0.134123,12.803722464013845,13.452590769156814,383.963136,0.0,,,test_clean,500,0.354,0.3016624263915586,0.35955981892987443,0.28722965311707754,0.26524112829845314,0.554,2.0665865513682915,0.8811144301705822,0.222809912580688,0.8116537850363885,0.0,0.814,2
few2__polygarbor_p5__seed42,polygarbor_p5,few2,42,complete,,runs/2026-09-12/few2__polygarbor_p5__seed42,16,16,400,0.24621974397450686,158.39509606523663,0,0.093572,16.59741048933938,16.998061496997252,381.120512,0.0,112.9,32.0,test_clean,500,0.368,0.2454426110836174,0.37781440162271807,0.3203369448336428,0.2780773096956959,0.536,2.4434749987904087,0.9019209268390214,0.272798628875832,0.8430921563196215,0.0,0.846,2
few2__polygarbor_p5__seed43,polygarbor_p5,few2,43,complete,,runs/2026-09-12/few2__polygarbor_p5__seed43,16,16,400,0.24873456789646298,160.81399677687833,0,0.093289,17.623510502744466,20.885315316263586,384.729088,0.0,103.4,45.0,test_clean,500,0.348,0.29718214692298983,0.3576203487056171,0.2721607199305393,0.25820074999089815,0.478,2.5820272116279135,1.0273319771888039,0.28725569758275293,0.8197014781626956,0.0,0.68,2
few2__resnet18__seed42,resnet18,few2,42,complete,,runs/2026-09-12/few2__resnet18__seed42,16,16,16,21.24393314588815,114.71510399060408,9,45.011183,3.8455240428447723,6.062917073722929,2362.585088,4007.657472,117.11279069767441,54.08139534883721,test_clean,500,0.126,0.02797513321492007,0.125,0.0,0.0,0.246,3.0676232105586103,1.2866779889399609,0.5518373637205443,0.41693153136117356,0.0,1.0,2
few2__resnet18__seed43,resnet18,few2,43,complete,,runs/2026-09-12/few2__resnet18__seed43,16,16,16,24.718231257167645,115.09723209564292,17,45.011183,3.717413987033069,4.716108174761757,2368.610304,4041.211904,117.36831683168316,64.38613861386139,test_clean,500,0.158,0.11631691554886243,0.15631497623925192,0.03702998518661905,0.03373881110856103,0.316,3.3135932813805566,1.027719806809782,0.22364332583323493,0.42901635865697485,0.0,1.0,2
few2__yolo11n__seed42,yolo11n,few2,42,complete,,runs/2026-09-12/few2__yolo11n__seed42,16,16,16,37.54832062008791,313.40948957659265,32,3.204328,4.106797510758042,5.244503484573215,2618.052608,817.88928,333.989349112426,55.680473372781066,test_clean,500,0.636,0.6202125169869306,0.6494099221164028,0.5939827747088257,0.5841330774152271,0.74,1.4362132856212262,0.5588398743772315,0.17284520794252908,0.900363768717284,0.5497239568544452,1.0,2
few2__yolo11n__seed43,yolo11n,few2,43,complete,,runs/2026-09-12/few2__yolo11n__seed43,16,16,16,68.35715009993874,330.4409263255731,64,3.206696,4.39842400373891,5.829712381819263,2608.656384,1220.542464,342.63333333333327,61.11526479750779,test_clean,500,0.698,0.7043442838706372,0.708989725880149,0.6617190211648794,0.6550763172201435,0.838,1.2990594661767016,0.47675037098642875,0.18337236378584715,0.9286160094899596,0.6715424590461517,1.0,2
few50__polygarbor__seed42,polygarbor,few50,42,complete,,runs/2026-09-12/few50__polygarbor__seed42,400,400,400,2.3273612500634044,109.56614491757695,0,0.094082,15.787964046467096,21.142288710689172,452.68992,0.0,,,test_clean,500,0.686,0.6675760904616215,0.6900805312306746,0.6508114770557271,0.6406878653197421,0.838,0.8947042771973395,0.4342010388736826,0.06873198183159177,0.9539768172073297,0.6186633964471401,1.0,50
few50__polygarbor__seed43,polygarbor,few50,43,complete,,runs/2026-09-12/few50__polygarbor__seed43,400,400,400,2.411365265958011,109.89624995478158,0,0.093938,15.146781515795738,17.068465007469058,448.131072,0.0,197.9,49.0,test_clean,500,0.684,0.6780423910551538,0.6881640761875668,0.647174054169984,0.6383181335384391,0.838,0.9030347520819485,0.44229744981724606,0.05315853480247306,0.9455956380852792,0.6399980655506603,1.0,50
few50__polygarbor_aug__seed42,polygarbor_aug,few50,42,complete,,runs/2026-09-12/few50__polygarbor_aug__seed42,400,400,1600,7.3028722539311275,107.76581769951662,0,0.372906,15.572901931591332,19.81947753229178,454.119424,0.0,247.7,45.0,test_clean,500,0.704,0.6832529396348581,0.7108532851396386,0.6728022770552438,0.6615193208430914,0.864,0.947807383353618,0.4651110894910761,0.19092132120413327,0.9582931905544436,0.6221977596861944,1.0,50
few50__polygarbor_aug__seed43,polygarbor_aug,few50,43,complete,,runs/2026-09-12/few50__polygarbor_aug__seed43,400,400,1600,7.270661036018282,107.96817457328457,0,0.372379,16.03902445640415,16.361382853938267,453.050368,0.0,309.0,36.0,test_clean,500,0.72,0.7133624650828864,0.7255338251475996,0.687624324466871,0.6798653605173376,0.862,0.8765293333870847,0.4327602632041829,0.1484031759983979,0.955141860112759,0.6810119275857737,1.0,50
few50__polygarbor_p3__seed42,polygarbor_p3,few50,42,complete,,runs/2026-09-12/few50__polygarbor_p3__seed42,400,400,2800,2.898290504934266,147.6732574844864,0,0.649955,30.2823560195975,34.1794062696863,483.586048,0.0,371.0,39.0,test_clean,500,0.558,0.4940806372225963,0.5566425875548366,0.5175401345229141,0.4942282518148281,0.862,1.1897338655996497,0.5887285519985753,0.1697382953010231,0.9496850655007171,0.0,0.858,50
few50__polygarbor_p3__seed43,polygarbor_p3,few50,43,complete,,runs/2026-09-12/few50__polygarbor_p3__seed43,400,400,2800,2.976647603092715,149.83298645651215,0,0.649232,30.96487547736615,41.39094090787694,512.724992,0.0,341.15,36.0,test_clean,500,0.596,0.5195060831160644,0.5963624238509952,0.5578874500397596,0.5380977860706756,0.828,1.1956591214091932,0.5819483578702948,0.16831710602158106,0.9484717166423953,0.0,0.876,50
few50__polygarbor_p3_aug__seed42,polygarbor_p3_aug,few50,42,complete,,runs/2026-09-12/few50__polygarbor_p3_aug__seed42,400,400,2800,9.915089256945066,113.66513914240238,0,0.649702,27.52275497186929,28.41881226049736,480.182272,0.0,373.9,38.5,test_clean,500,0.536,0.46539302487397427,0.536102803517492,0.49577442849798725,0.4689398482816084,0.798,1.2993072390149214,0.6234645942783252,0.19039274862138683,0.9450188663892358,0.0,0.884,50
few50__polygarbor_p3_aug__seed43,polygarbor_p3_aug,few50,43,complete,,runs/2026-09-12/few50__polygarbor_p3_aug__seed43,400,400,2800,9.924005895038135,115.17526411098608,0,0.648988,29.346099006943405,32.64187356689945,481.087488,0.0,301.3666666666666,39.0,test_clean,500,0.592,0.5465951302391479,0.5931659309542066,0.5519346019595565,0.5334049998856385,0.82,1.1860336911417393,0.5874287700409591,0.19846349418829948,0.9443878042883864,0.4685146296689603,0.852,50
few50__polygarbor_p5__seed42,polygarbor_p5,few50,42,complete,,runs/2026-09-12/few50__polygarbor_p5__seed42,400,400,2800,3.9893643520772457,138.11724158839908,0,0.648693,36.832113517448306,45.164668059442185,502.165504,0.0,346.5,45.0,test_clean,500,0.558,0.483586403045978,0.5595528436970946,0.5179381394395604,0.494626114795335,0.79,1.3411327765003351,0.6498788017824649,0.21903408897649357,0.9254402430419928,0.0,0.804,50
few50__polygarbor_p5__seed43,polygarbor_p5,few50,43,complete,,runs/2026-09-12/few50__polygarbor_p5__seed43,400,400,2800,3.993599190027453,138.97238395528242,0,0.648012,39.26246799528599,43.406743137165904,487.07584,0.0,348.5,34.5,test_clean,500,0.604,0.5397569913524028,0.6003181384923157,0.5673334907965354,0.5467365028203062,0.798,1.321563680352855,0.6520097380790634,0.2488799877170868,0.9227996213042733,0.0,0.794,50
few50__resnet18__seed42,resnet18,few50,42,complete,,runs/2026-09-12/few50__resnet18__seed42,400,400,400,36.554166022804566,106.33534896063746,15,45.011183,4.161533957812935,5.619112437125295,2568.720384,3860.856832,106.47312500000001,69.00625,test_clean,500,0.334,0.2827617326435811,0.3499286057435679,0.30632517551663285,0.24395504597570672,0.484,2.552659671239686,0.8942579980564884,0.19882070464905613,0.821336179853094,0.0,1.0,50
few50__resnet18__seed43,resnet18,few50,43,complete,,runs/2026-09-12/few50__resnet18__seed43,400,400,400,65.06651176908053,86.81885422178713,64,45.011183,3.3503079903312027,4.606184380827472,2580.369408,3997.171712,85.76295081967213,70.04262295081968,test_clean,500,0.852,0.8529394754831139,0.8549706680759906,0.831776566901913,0.83084863696003,0.966,0.41391660742214925,0.2171568135987518,0.029708505924416567,0.9837796832295851,0.8483154178366221,1.0,50
few50__yolo11n__seed42,yolo11n,few50,42,complete,,runs/2026-09-12/few50__yolo11n__seed42,400,400,400,44.07174990605563,312.64926011269444,18,3.20324,3.9776809862814844,5.81772299483418,2722.861056,681.5744,339.0438144329897,55.07216494845361,test_clean,500,0.88,0.880027731424098,0.8838685936684461,0.863661598874648,0.8628402134206279,0.968,0.3742059933119543,0.17385485769708633,0.04578435518242108,0.9885995621869268,0.8738875985861494,1.0,50
few50__yolo11n__seed43,yolo11n,few50,43,complete,,runs/2026-09-12/few50__yolo11n__seed43,400,400,400,40.1224154678639,318.6996558131392,18,3.20324,3.005679987836629,4.2122865619603544,2689.37216,681.5744,344.0713483146067,39.07865168539326,test_clean,500,0.894,0.8954931394290606,0.8964743930028083,0.8789954026865388,0.8787984120305153,0.966,0.3387865221269634,0.15982530275128468,0.018139733519251324,0.9867419384972161,0.8903171658826136,1.0,50
few5__polygarbor__seed42,polygarbor,few5,42,complete,,runs/2026-09-12/few5__polygarbor__seed42,40,40,40,0.3044990081107244,98.52248841838977,0,0.010402,6.224568991456181,7.353560795309022,384.147456,0.0,,,test_clean,500,0.486,0.43141142055713344,0.5002856191675445,0.4369556467440506,0.41308925154035525,0.664,2.082449262261549,0.6684539608309918,0.17354124443347624,0.8470570397498259,0.0,1.0,5
few5__polygarbor__seed43,polygarbor,few5,43,complete,,runs/2026-09-12/few5__polygarbor__seed43,40,40,40,0.31113625795114785,99.63480374848298,0,0.010382,5.499486986082047,6.651095539564267,383.901696,0.0,,,test_clean,500,0.452,0.40368778265879807,0.4654178142015229,0.40195076237165284,0.3748146119971707,0.644,1.9666447967821898,0.7529309527689668,0.21165773675996788,0.8609722360880672,0.0,1.0,5
few5__polygarbor_aug__seed42,polygarbor_aug,few5,42,complete,,runs/2026-09-12/few5__polygarbor_aug__seed42,40,40,160,0.7715659779496491,99.79703900970205,0,0.038281,6.058944563847035,6.200085050659254,387.039232,0.0,,,test_clean,500,0.536,0.5116674946999014,0.545496697474731,0.48007864586513843,0.46888878714344584,0.69,1.5887670342849305,0.6071068782231205,0.10326537096902466,0.8648497084133812,0.0,1.0,5
few5__polygarbor_aug__seed43,polygarbor_aug,few5,43,complete,,runs/2026-09-12/few5__polygarbor_aug__seed43,40,40,160,0.8153564820531756,100.56950769988748,0,0.038181,5.962657975032926,6.07946224627085,386.994176,0.0,,,test_clean,500,0.494,0.45303416834028964,0.5082217103960027,0.4448151107514228,0.42252736718129447,0.628,1.645331288660025,0.6717557334161749,0.16028203976917235,0.8560753584610689,0.0,1.0,5
few5__polygarbor_p3__seed42,polygarbor_p3,few5,42,complete,,runs/2026-09-12/few5__polygarbor_p3__seed42,40,40,360,0.3323224618798122,141.42889931104932,0,0.084531,13.137537462171167,13.616014621220529,388.829184,0.0,,,test_clean,500,0.378,0.24755656186802544,0.38712418778148316,0.334365522586032,0.28990894395075484,0.582,2.5146762185004863,0.8619524016059961,0.30470083194220665,0.8625607089171715,0.0,0.946,5
few5__polygarbor_p3__seed43,polygarbor_p3,few5,43,complete,,runs/2026-09-12/few5__polygarbor_p3__seed43,40,40,360,0.33266568393446505,138.27696159085036,0,0.084368,13.668780447915196,14.125434990273789,388.829184,0.0,,,test_clean,500,0.358,0.2585773370024792,0.3705133570570286,0.29752998212456183,0.2697408831357918,0.658,2.1298739748926603,0.8378627076438868,0.251037550648779,0.8688268776730572,0.0,0.858,5
few5__polygarbor_p3_aug__seed42,polygarbor_p3_aug,few5,42,complete,,runs/2026-09-12/few5__polygarbor_p3_aug__seed42,40,40,1440,1.2469548509689048,149.96533343183827,0,0.334731,22.36580045428127,24.167058937018737,393.568256,0.0,345.4,40.0,test_clean,500,0.444,0.3774183488126263,0.4531326996023424,0.40726665540852675,0.3641470421401255,0.668,1.7209555636251817,0.7045558138168482,0.14043419798848208,0.8860072781216319,0.0,0.87,5
few5__polygarbor_p3_aug__seed43,polygarbor_p3_aug,few5,43,complete,,runs/2026-09-12/few5__polygarbor_p3_aug__seed43,40,40,1440,1.2042020100634545,144.49402886383757,0,0.333911,20.67433053161949,23.48411657148972,390.57408,0.0,362.7,32.0,test_clean,500,0.376,0.30142436445831167,0.388432025210514,0.32030276528981294,0.2905285562256119,0.668,1.6014985710964298,0.7201933244214865,0.14585011031012318,0.8802739563790947,0.0,0.85,5
few5__polygarbor_p5__seed42,polygarbor_p5,few5,42,complete,,runs/2026-09-12/few5__polygarbor_p5__seed42,40,40,1000,0.5874705248279497,195.75450195340372,0,0.232391,32.140396535396576,42.44020855403505,401.534976,0.0,99.5,50.0,test_clean,500,0.368,0.24338547441042402,0.3751183231913455,0.32366018799582486,0.2776878697278071,0.528,2.163131076251113,0.8651342520914886,0.2626367341952972,0.8598457653489682,0.0,0.894,5
few5__polygarbor_p5__seed43,polygarbor_p5,few5,43,complete,,runs/2026-09-12/few5__polygarbor_p5__seed43,40,40,1000,0.5896220790455118,188.25617958487635,0,0.23185,28.918215015437454,34.484311187407,390.975488,0.0,,,test_clean,500,0.454,0.3765121413210414,0.46803263937244133,0.40441318988799213,0.3788961186695181,0.594,1.7229279646779223,0.7445240088815449,0.09804106094245271,0.8694210275080292,0.0,0.78,5
few5__resnet18__seed42,resnet18,few5,42,complete,,runs/2026-09-12/few5__resnet18__seed42,40,40,40,42.00254352716729,112.37414698343446,53,45.011183,4.075732489582151,5.352513748221099,2408.742912,4240.441344,113.36612903225806,69.6989247311828,test_clean,500,0.328,0.2543876560668053,0.33334317223767296,0.2951095308233566,0.22647303936239283,0.514,2.080615928583353,0.8909375187208011,0.20299165726021695,0.7290423688735048,0.0,1.0,5
few5__resnet18__seed43,resnet18,few5,43,complete,,runs/2026-09-12/few5__resnet18__seed43,40,40,40,29.943461230956018,113.38034617354778,9,45.011183,4.349945462308824,6.071374495513735,2395.045888,4152.36096,114.92539682539682,62.62698412698413,test_clean,500,0.116,0.025985663082437275,0.125,0.0,0.0,0.252,2.349963202017527,0.9343853661713897,0.13043713556047304,0.3774868567351174,0.0,1.0,5
few5__yolo11n__seed42,yolo11n,few5,42,complete,,runs/2026-09-12/few5__yolo11n__seed42,40,40,40,41.41171105403919,315.0075103870315,32,3.204328,3.6856314982287586,6.1981936858501285,2618.216448,840.957952,334.081914893617,59.515957446808514,test_clean,500,0.74,0.7415490293968745,0.75155905284755,0.7066970323960623,0.7031394148649512,0.87,1.0631391251233868,0.3944163147834743,0.12607783913233994,0.9439651101590426,0.7264987706092277,1.0,5
few5__yolo11n__seed43,yolo11n,few5,43,complete,,runs/2026-09-12/few5__yolo11n__seed43,40,40,40,36.23533140809741,306.9379958124131,28,3.204008,4.561660462059081,6.615127110853789,2629.271552,801.112064,328.7679012345679,63.27160493827161,test_clean,500,0.766,0.7719104616718921,0.7728391205705054,0.7345349472920427,0.7325384161702244,0.892,0.8036072922277276,0.3525914119406724,0.07695498169668104,0.9534480609959375,0.7599742315632846,1.0,5
full__polygarbor__seed42,polygarbor,full,42,complete,,runs/2026-09-12/full__polygarbor__seed42,4000,2800,2800,21.188544355798513,106.75579983298735,0,0.650821,21.25645545311272,21.676880860468373,1240.313856,0.0,304.76666666666665,24.666666666666668,test_clean,500,0.786,0.7802214916655392,0.7886605158403345,0.7603985178620036,0.7552461948789269,0.916,0.8752706538765473,0.44284457768427943,0.2758577855884431,0.9750961250242095,0.7623790057575974,1.0,500
full__polygarbor__seed43,polygarbor,full,43,complete,,runs/2026-09-12/full__polygarbor__seed43,4000,2800,2800,19.95209352299571,106.35475407902922,0,0.650708,25.325911003164947,26.506223279284313,1223.61856,0.0,305.25,43.0,test_clean,500,0.808,0.805394756854946,0.8122542418676053,0.7849713482360123,0.7805132332229803,0.93,0.8629089491666254,0.43330912885398637,0.2958890208541362,0.9764023498335535,0.7923421495822015,1.0,500
full__polygarbor_aug__seed42,polygarbor_aug,full,42,complete,,runs/2026-09-12/full__polygarbor_aug__seed42,4000,2170,2800,87.29511720407754,101.63225944538385,0,0.650628,23.466211452614516,26.320344640407708,1263.095808,0.0,305.3,46.0,test_clean,500,0.802,0.8014379358295276,0.8069732594181283,0.7776795571688405,0.7737225610034832,0.934,0.9840650620322284,0.4939955168062067,0.3551744071904416,0.9715635666970187,0.7884210386468858,1.0,500
full__polygarbor_aug__seed43,polygarbor_aug,full,43,complete,,runs/2026-09-12/full__polygarbor_aug__seed43,4000,2164,2800,70.02530039206613,101.70609708383235,0,0.650339,19.404371036216617,21.508676139637828,1176.33024,0.0,333.5,0.0,test_clean,500,0.762,0.7567641558046314,0.7689826122140893,0.7343255659075999,0.7281006804337593,0.91,0.9639186439769556,0.48617748939686656,0.3020675411016229,0.968021582023159,0.7309814328556731,1.0,500
full__polygarbor_p3__seed42,polygarbor_p3,full,42,complete,,runs/2026-09-12/full__polygarbor_p3__seed42,4000,2065,2800,29.74173668399453,105.87814805362827,0,0.649213,37.70772798452526,45.07630636799148,1511.723008,0.0,337.3,72.0,test_clean,500,0.602,0.537941950480494,0.6010337282660593,0.5638019547138171,0.5449119324548686,0.842,1.1529630801240274,0.5758350480269883,0.19398013550785365,0.9534169505142167,0.42336198423180843,0.856,500
full__polygarbor_p3__seed43,polygarbor_p3,full,43,complete,,runs/2026-09-12/full__polygarbor_p3__seed43,4000,2061,2800,28.57052289810963,106.0883628489889,0,0.649264,30.00152052845806,30.4251488763839,1455.378432,0.0,329.59999999999997,82.0,test_clean,500,0.566,0.5070611862736639,0.5665091744002688,0.5299084738336216,0.5032324231269344,0.878,1.1318109760538844,0.564810816811633,0.16164871882044451,0.9590676624450458,0.3921775661989724,0.88,500
full__polygarbor_p3_aug__seed42,polygarbor_p3_aug,full,42,complete,,runs/2026-09-12/full__polygarbor_p3_aug__seed42,4000,2040,2800,106.45925750990864,101.73845143520666,0,0.648779,33.46848051296547,51.30010355496778,1358.032896,0.0,376.3,62.0,test_clean,500,0.562,0.5089587665923312,0.5618646207868889,0.5296940294689539,0.497982761782505,0.854,1.1897088545185883,0.596754579948461,0.17673603138952018,0.9485220934237468,0.37797791006793413,0.866,500
full__polygarbor_p3_aug__seed43,polygarbor_p3_aug,full,43,complete,,runs/2026-09-12/full__polygarbor_p3_aug__seed43,4000,2021,2800,90.71109505195636,101.6744423018746,0,0.649106,30.01613699598238,32.70252937218174,1338.601472,0.0,308.55,37.0,test_clean,500,0.646,0.6353919074107965,0.6523061707011082,0.6099609297793004,0.5950990977801365,0.876,1.1780960444697344,0.5919167311927943,0.283606400691439,0.9430981907513925,0.5827471600732389,0.832,500
full__polygarbor_p5__seed42,polygarbor_p5,full,42,complete,,runs/2026-09-12/full__polygarbor_p5__seed42,4000,2048,2800,40.17375782690942,105.86512763690806,0,0.647763,45.43516400735825,64.92872902308588,1519.37024,0.0,381.0,46.0,test_clean,500,0.496,0.4090245831067274,0.496205439826311,0.45394120891105355,0.4228337944555398,0.766,1.3149113031812087,0.6481621688497239,0.14923684598843948,0.9278797375161489,0.0,0.844,500
full__polygarbor_p5__seed43,polygarbor_p5,full,43,complete,,runs/2026-09-12/full__polygarbor_p5__seed43,4000,2047,2800,33.13196682895068,105.00433065024238,0,0.647886,37.320212461054325,39.76985081098974,1598.799872,0.0,354.40000000000003,0.0,test_clean,500,0.538,0.44485347104754014,0.5391553701393674,0.4987772967652431,0.4715240696764629,0.804,1.2854602564282513,0.6350042502028962,0.1930479541129669,0.9330016465315814,0.0,0.822,500
full__resnet18__seed42,resnet18,full,42,complete,,runs/2026-09-12/full__resnet18__seed42,4000,4000,4000,145.91288487811107,60.41275934859109,26,45.008671,3.29955096822232,4.3003666622098535,3831.107584,2975.858688,59.2965811965812,87.42450142450143,test_clean,500,0.906,0.9052183436240924,0.9062096158586955,0.8929067115156252,0.8924568797850968,0.972,0.27781778549044417,0.13836417263100032,0.017865876589017726,0.9920853765487601,0.8976439302040289,1.0,500
full__resnet18__seed43,resnet18,full,43,complete,,runs/2026-09-12/full__resnet18__seed43,4000,4000,4000,201.796200879151,60.29350377753845,40,45.008671,3.2373489812016487,4.538703890284523,3859.419136,2975.858688,59.36472986748216,87.25993883792049,test_clean,500,0.91,0.9103160993038801,0.9099395811780402,0.8977480917973878,0.8970242290547282,0.98,0.2792793682563039,0.1384499660090638,0.03596272825400398,0.9930018209090608,0.9035879293806349,1.0,500
full__yolo11n__seed42,yolo11n,full,42,complete,,runs/2026-09-12/full__yolo11n__seed42,4000,4000,4000,307.72932735295035,349.68392816385335,28,3.204008,3.7735715159215033,5.717513215495273,3491.762176,799.014912,365.0533009034051,46.485059068797774,test_clean,500,0.962,0.9624340166603458,0.9634238832021609,0.9567269772920374,0.9565563350009604,0.99,0.15834416495341838,0.07322455875481632,0.02195711994271067,0.9976083171783148,0.9627325129875509,1.0,500
full__yolo11n__seed43,yolo11n,full,43,complete,,runs/2026-09-12/full__yolo11n__seed43,4000,4000,4000,231.88509228208568,344.16615235840885,21,3.203496,2.9438204946927726,4.274142312351614,3467.583488,706.740224,364.9997172478793,39.51272384542884,test_clean,500,0.938,0.9395589339521517,0.9403228472723795,0.9293938968959065,0.9291133683040717,0.984,0.18211784039424128,0.09407963028929614,0.01618784160513835,0.9961715042366805,0.9380305354708894,1.0,500
