vectors,method,scenario,seed,images_per_class,fitted_vectors,status,error,fit_seconds,val_macro_f1,macro_f1,multiclass_gmean,balanced_accuracy,accuracy,recall_tumor,recall_stroma,recall_complex,recall_lympho,recall_debris,recall_mucosa,recall_adipose,recall_empty,C,gamma,selection_val_macro_f1
polygarbor,pmd_l3,few1,42,1,8,undefined,IndexError: tuple index out of range,,,,,,,,,,,,,,,,,
polygarbor,pmd_l1,few1,42,1,8,undefined,IndexError: tuple index out of range,,,,,,,,,,,,,,,,,
polygarbor,nearest_centroid,few1,42,1,8,complete,,0.009164209001028212,0.501575992978001,0.48967208931976597,0.38100591259684885,0.5155161522187327,0.5,0.11940298507462686,0.25862068965517243,0.5294117647058824,0.3333333333333333,0.10294117647058823,0.85,0.9473684210526315,0.9830508474576272,,,
polygarbor,svm_default,few1,42,1,8,complete,,0.0013602520011772867,0.501575992978001,0.48967208931976597,0.38100591259684885,0.5155161522187327,0.5,0.11940298507462686,0.25862068965517243,0.5294117647058824,0.3333333333333333,0.10294117647058823,0.85,0.9473684210526315,0.9830508474576272,1.0,scale,
polygarbor,svm_tuned,few1,42,1,8,complete,,0.07965668700126116,0.501575992978001,0.48967208931976597,0.38100591259684885,0.5155161522187327,0.5,0.11940298507462686,0.25862068965517243,0.5294117647058824,0.3333333333333333,0.10294117647058823,0.85,0.9473684210526315,0.9830508474576272,0.1,0.0001,0.501575992978001
polygarbor,pmd_l3,few2,42,2,16,complete,,0.013340874997084029,0.18754183019626997,0.23326414622582825,0.0,0.31647851606173255,0.316,0.6268656716417911,0.896551724137931,0.47058823529411764,0.0,0.11764705882352941,0.016666666666666666,0.40350877192982454,0.0,,,
polygarbor,pmd_l1,few2,42,2,16,complete,,0.00541249999878346,0.18754183019626997,0.23326414622582825,0.0,0.31647851606173255,0.316,0.6268656716417911,0.896551724137931,0.47058823529411764,0.0,0.11764705882352941,0.016666666666666666,0.40350877192982454,0.0,,,
polygarbor,nearest_centroid,few2,42,2,16,complete,,0.001010705000226153,0.492734347250578,0.4927408173562226,0.42192736373554834,0.5078699721044445,0.492,0.16417910447761194,0.3793103448275862,0.19117647058823528,0.5079365079365079,0.27941176470588236,0.7333333333333333,0.8245614035087719,0.9830508474576272,,,
polygarbor,svm_default,few2,42,2,16,complete,,0.001002896999125369,0.4361897841736359,0.4068361488533708,0.25271327241040203,0.45472835261568145,0.436,0.029850746268656716,0.15517241379310345,0.058823529411764705,0.5079365079365079,0.16176470588235295,0.9166666666666666,0.8245614035087719,0.9830508474576272,1.0,scale,
polygarbor,svm_tuned,few2,42,2,16,complete,,0.08234642399838776,0.572846656539303,0.5255308317224103,0.444276206053658,0.5366428907851492,0.524,0.208955223880597,0.20689655172413793,0.5,0.31746031746031744,0.27941176470588236,0.85,0.9473684210526315,0.9830508474576272,10.0,scale,0.572846656539303
polygarbor,pmd_l3,few5,42,5,40,complete,,0.010167665997869335,0.39996520763292104,0.43141142055713344,0.0,0.5002856191675445,0.486,0.6865671641791045,0.8793103448275862,0.3235294117647059,0.0,0.14705882352941177,0.016666666666666666,1.0,0.9491525423728814,,,
polygarbor,pmd_l1,few5,42,5,40,complete,,0.004923910997604253,0.3540883286437173,0.3809615690337095,0.0,0.4123942516114467,0.406,0.417910447761194,0.6896551724137931,0.3235294117647059,0.0,0.45588235294117646,0.05,0.6842105263157895,0.6779661016949152,,,
polygarbor,nearest_centroid,few5,42,5,40,complete,,0.0010300130015821196,0.5024205362265568,0.5066145826333508,0.44657252830592653,0.5087556564203375,0.498,0.3283582089552239,0.20689655172413793,0.3088235294117647,0.42857142857142855,0.35294117647058826,0.5666666666666667,0.8947368421052632,0.9830508474576272,,,
polygarbor,svm_default,few5,42,5,40,complete,,0.001159227998869028,0.5982204922797315,0.5531508252852583,0.4937285527045805,0.5504771414044315,0.542,0.26865671641791045,0.2413793103448276,0.47058823529411764,0.4603174603174603,0.5,0.55,0.9298245614035088,0.9830508474576272,1.0,scale,
polygarbor,svm_tuned,few5,42,5,40,complete,,0.09945348899782402,0.6232887608796119,0.5907121798936404,0.5460205154697383,0.592244407854492,0.58,0.31343283582089554,0.4827586206896552,0.47058823529411764,0.38095238095238093,0.4264705882352941,0.7333333333333333,0.9473684210526315,0.9830508474576272,10.0,0.01,0.6232887608796119
polygarbor,pmd_l3,few10,42,10,80,complete,,0.011286664001090685,0.5190665915240611,0.5098073496104538,0.3507515240185982,0.5588321833833001,0.546,0.746268656716418,0.8793103448275862,0.3088235294117647,0.4126984126984127,0.17647058823529413,0.016666666666666666,0.9473684210526315,0.9830508474576272,,,
polygarbor,pmd_l1,few10,42,10,80,complete,,0.005689258003258146,0.4774067299199852,0.5386997912011706,0.4203696261694516,0.5739391166023105,0.564,0.746268656716418,0.9310344827586207,0.16176470588235295,0.5079365079365079,0.45588235294117646,0.05,0.7894736842105263,0.9491525423728814,,,
polygarbor,nearest_centroid,few10,42,10,80,complete,,0.0011391539992473554,0.5978086435747396,0.5866476662067136,0.5308433849393491,0.598932993438521,0.596,0.6268656716417911,0.13793103448275862,0.5,0.5714285714285714,0.5441176470588235,0.5333333333333333,0.8947368421052632,0.9830508474576272,,,
polygarbor,svm_default,few10,42,10,80,complete,,0.0013662199999089353,0.7268267489983826,0.6986002618698817,0.6752808166662775,0.6994434203160648,0.698,0.746268656716418,0.43103448275862066,0.5882352941176471,0.5396825396825397,0.7941176470588235,0.5833333333333334,0.9298245614035088,0.9830508474576272,1.0,scale,
polygarbor,svm_tuned,few10,42,10,80,complete,,0.12682541599860997,0.7473778494609583,0.736814259420265,0.7170897176804711,0.7363751797513356,0.734,0.8059701492537313,0.5,0.5588235294117647,0.6507936507936508,0.7941176470588235,0.6333333333333333,0.9649122807017544,0.9830508474576272,10.0,scale,0.7473778494609583
polygarbor,pmd_l3,few20,42,20,160,complete,,0.01996224100003019,0.5443524641013707,0.5446889401894105,0.0,0.5704171392589065,0.566,0.4925373134328358,0.6551724137931034,0.27941176470588236,0.7777777777777778,0.6911764705882353,0.0,0.6842105263157895,0.9830508474576272,,,
polygarbor,pmd_l1,few20,42,20,160,complete,,0.014357567000843119,0.48682457699756754,0.514184136579374,0.4166725818819267,0.5379416683346242,0.524,0.4626865671641791,0.9137931034482759,0.11764705882352941,0.8095238095238095,0.2647058823529412,0.13333333333333333,0.7543859649122807,0.847457627118644,,,
polygarbor,nearest_centroid,few20,42,20,160,complete,,0.001134973001171602,0.6314854232805486,0.5995806619469596,0.5635522101640503,0.6048059461130131,0.602,0.582089552238806,0.2413793103448276,0.5735294117647058,0.6349206349206349,0.5147058823529411,0.4666666666666667,0.8421052631578947,0.9830508474576272,,,
polygarbor,svm_default,few20,42,20,160,complete,,0.0017607539994060062,0.7573434639856689,0.7232138257846035,0.7065224035041991,0.7223223879092782,0.72,0.7313432835820896,0.5,0.6617647058823529,0.5873015873015873,0.7352941176470589,0.65,0.9298245614035088,0.9830508474576272,1.0,scale,
polygarbor,svm_tuned,few20,42,20,160,complete,,0.1769912489980925,0.7888923930150515,0.7771772539289772,0.7676256257349356,0.7766458182141229,0.772,0.746268656716418,0.6551724137931034,0.6911764705882353,0.7619047619047619,0.6764705882352942,0.7166666666666667,0.9824561403508771,0.9830508474576272,10.0,scale,0.7888923930150515
polygarbor,pmd_l3,few50,42,50,400,complete,,0.053679641998314764,0.7134573303854046,0.6675760904616215,0.6186633964471401,0.6900805312306746,0.686,0.8059701492537313,0.6896551724137931,0.2647058823529412,0.7619047619047619,0.8676470588235294,0.25,0.9824561403508771,0.8983050847457628,,,
polygarbor,pmd_l1,few50,42,50,400,complete,,0.010124129003088456,0.6889728161061037,0.6883906801282063,0.664117564341064,0.7008533397822674,0.696,0.835820895522388,0.8275862068965517,0.3235294117647059,0.9047619047619048,0.6911764705882353,0.5166666666666667,0.9649122807017544,0.5423728813559322,,,
polygarbor,nearest_centroid,few50,42,50,400,complete,,0.0013855500001227483,0.6793922515312748,0.6090205783359324,0.5708108632010108,0.6114545734107235,0.608,0.6716417910447762,0.25862068965517243,0.5735294117647058,0.5873015873015873,0.4411764705882353,0.5166666666666667,0.8596491228070176,0.9830508474576272,,,
polygarbor,svm_default,few50,42,50,400,complete,,0.00362962000144762,0.8140783764506054,0.7749379636244687,0.7619172886405347,0.7733386528951055,0.772,0.7910447761194029,0.5862068965517241,0.7058823529411765,0.6349206349206349,0.8382352941176471,0.7,0.9473684210526315,0.9830508474576272,1.0,scale,
polygarbor,svm_tuned,few50,42,50,400,complete,,0.3592139030006365,0.864633208685131,0.8277896090609698,0.8206429665788504,0.829198828181191,0.826,0.7910447761194029,0.6206896551724138,0.75,0.873015873015873,0.75,0.8833333333333333,0.9824561403508771,0.9830508474576272,100.0,0.01,0.864633208685131
polygarbor,pmd_l3,few100,42,100,800,complete,,0.10856497200074955,0.7445745299056583,0.7114389435645015,0.6734791725847649,0.7284424518063085,0.724,0.7761194029850746,0.6896551724137931,0.3088235294117647,0.9206349206349206,0.8676470588235294,0.35,0.9824561403508771,0.9322033898305084,,,
polygarbor,pmd_l1,few100,42,100,800,complete,,0.012467440999898827,0.7682080303822314,0.7726778214202996,0.7575847477664491,0.7814377208436116,0.778,0.8805970149253731,0.8103448275862069,0.4117647058823529,0.9523809523809523,0.8529411764705882,0.7,0.9824561403508771,0.6610169491525424,,,
polygarbor,nearest_centroid,few100,42,100,800,complete,,0.0014842249984212685,0.6970721661116147,0.6521482544179877,0.6320960586253166,0.6529415896581123,0.648,0.6865671641791045,0.46551724137931033,0.5147058823529411,0.6190476190476191,0.5441176470588235,0.5333333333333333,0.8771929824561403,0.9830508474576272,,,
polygarbor,svm_default,few100,42,100,800,complete,,0.008366431000467855,0.8567085980530386,0.8094884812353224,0.8016193917561998,0.8090641802957977,0.806,0.746268656716418,0.6551724137931034,0.7352941176470589,0.7142857142857143,0.8235294117647058,0.85,0.9649122807017544,0.9830508474576272,1.0,scale,
polygarbor,svm_tuned,few100,42,100,800,complete,,0.7585434180000448,0.8868600771556668,0.8614146676905912,0.85609178993025,0.8627459367655752,0.86,0.8059701492537313,0.6724137931034483,0.7941176470588235,0.9365079365079365,0.7941176470588235,0.9333333333333333,0.9824561403508771,0.9830508474576272,100.0,0.01,0.8868600771556668
polygarbor,pmd_l3,full,42,500,2800,complete,,0.3738934249995509,0.8242945851760157,0.7802214916655392,0.7623790057575974,0.7886605158403345,0.786,0.8656716417910447,0.8103448275862069,0.5147058823529411,0.9365079365079365,0.8676470588235294,0.45,1.0,0.864406779661017,,,
polygarbor,pmd_l1,full,42,500,2800,complete,,0.024958935999165988,0.8251120762935784,0.8135136252547794,0.8053569655388205,0.8168604942047599,0.814,0.8955223880597015,0.8620689655172413,0.5441176470588235,0.9365079365079365,0.8529411764705882,0.75,0.9649122807017544,0.7288135593220338,,,
polygarbor,nearest_centroid,full,42,500,2800,complete,,0.0042736539980978705,0.6951146238616359,0.6539271842610499,0.6324534710549621,0.6549360903369132,0.65,0.6716417910447762,0.4482758620689655,0.4852941176470588,0.6349206349206349,0.5882352941176471,0.5333333333333333,0.8947368421052632,0.9830508474576272,,,
polygarbor,svm_default,full,42,500,2800,complete,,0.04032360899873311,0.888001268582479,0.8756017547299352,0.8714776077002235,0.876164599234671,0.874,0.8208955223880597,0.7241379310344828,0.7794117647058824,0.9047619047619048,0.8970588235294118,0.9,1.0,0.9830508474576272,1.0,scale,
polygarbor,svm_tuned,full,42,500,2800,complete,,3.995323945000564,0.9277494785492515,0.9237905316916967,0.9228608461503395,0.924288469644046,0.922,0.8507462686567164,0.896551724137931,0.8529411764705882,0.9365079365079365,0.9411764705882353,0.9333333333333333,1.0,0.9830508474576272,10.0,0.1,0.9277494785492515
polygarbor,pmd_l3,few1,43,1,8,undefined,IndexError: tuple index out of range,,,,,,,,,,,,,,,,,
polygarbor,pmd_l1,few1,43,1,8,undefined,IndexError: tuple index out of range,,,,,,,,,,,,,,,,,
polygarbor,nearest_centroid,few1,43,1,8,complete,,0.0012372620003588963,0.45839483512829554,0.42888464700606815,0.29112531441279116,0.451400467096276,0.446,0.14925373134328357,0.10344827586206896,0.6617647058823529,0.031746031746031744,0.4117647058823529,0.5333333333333333,0.7368421052631579,0.9830508474576272,,,
polygarbor,svm_default,few1,43,1,8,complete,,0.0011052499976358376,0.45839483512829554,0.42888464700606815,0.29112531441279116,0.451400467096276,0.446,0.14925373134328357,0.10344827586206896,0.6617647058823529,0.031746031746031744,0.4117647058823529,0.5333333333333333,0.7368421052631579,0.9830508474576272,1.0,scale,
polygarbor,svm_tuned,few1,43,1,8,complete,,0.08193734599990421,0.45839483512829554,0.42888464700606815,0.29112531441279116,0.451400467096276,0.446,0.14925373134328357,0.10344827586206896,0.6617647058823529,0.031746031746031744,0.4117647058823529,0.5333333333333333,0.7368421052631579,0.9830508474576272,0.1,0.0001,0.45839483512829554
polygarbor,pmd_l3,few2,43,2,16,complete,,0.005047956001362763,0.19084309960528778,0.19572835796516197,0.0,0.27965162917042047,0.264,0.07462686567164178,0.034482758620689655,0.0,0.0,0.029411764705882353,0.9666666666666667,0.8947368421052632,0.23728813559322035,,,
polygarbor,pmd_l1,few2,43,2,16,complete,,0.005039823998231441,0.19084309960528778,0.19572835796516197,0.0,0.27965162917042047,0.264,0.07462686567164178,0.034482758620689655,0.0,0.0,0.029411764705882353,0.9666666666666667,0.8947368421052632,0.23728813559322035,,,
polygarbor,nearest_centroid,few2,43,2,16,complete,,0.0010672339994926006,0.49371241434923246,0.47704521325645766,0.3775313001672827,0.4864100715646944,0.478,0.44776119402985076,0.08620689655172414,0.3088235294117647,0.15873015873015872,0.39705882352941174,0.65,0.8596491228070176,0.9830508474576272,,,
polygarbor,svm_default,few2,43,2,16,complete,,0.0011357519979355857,0.46852940392569004,0.45707636159780196,0.3457715452184218,0.46205662929569546,0.454,0.4925373134328358,0.06896551724137931,0.19117647058823528,0.1746031746031746,0.4264705882352941,0.5,0.8596491228070176,0.9830508474576272,1.0,scale,
polygarbor,svm_tuned,few2,43,2,16,complete,,0.0869791000004625,0.5527443033547224,0.5270550418537558,0.4408768296775271,0.5288260760790229,0.516,0.44776119402985076,0.46551724137931033,0.2647058823529412,0.1111111111111111,0.39705882352941174,0.6666666666666666,0.8947368421052632,0.9830508474576272,0.1,1,0.5527443033547224
polygarbor,pmd_l3,few5,43,5,40,complete,,0.00895511100316071,0.4061344880432775,0.40368778265879807,0.0,0.4654178142015229,0.452,0.014925373134328358,0.1896551724137931,0.0,0.873015873015873,0.4852941176470588,0.5333333333333333,1.0,0.6271186440677966,,,
polygarbor,pmd_l1,few5,43,5,40,complete,,0.005830594000144629,0.3045026717290924,0.34026032915858206,0.0,0.40213477805492254,0.394,0.05970149253731343,0.20689655172413793,0.0,0.6984126984126984,0.6323529411764706,0.36666666666666664,0.9649122807017544,0.288135593220339,,,
polygarbor,nearest_centroid,few5,43,5,40,complete,,0.0010945409994747024,0.5567199837748285,0.5384912503994954,0.4860843499366741,0.5346080511745932,0.526,0.373134328358209,0.3275862068965517,0.5,0.2857142857142857,0.4117647058823529,0.48333333333333334,0.9122807017543859,0.9830508474576272,,,
polygarbor,svm_default,few5,43,5,40,complete,,0.0012574409993248992,0.5982891922204976,0.5933846812282778,0.5430028521138899,0.5917952176277064,0.584,0.47761194029850745,0.5,0.6470588235294118,0.23809523809523808,0.4411764705882353,0.5,0.9473684210526315,0.9830508474576272,1.0,scale,
polygarbor,svm_tuned,few5,43,5,40,complete,,0.10161689800224849,0.684501452797,0.6502026774296442,0.6194609311862203,0.6559449937323778,0.646,0.3582089552238806,0.5,0.5735294117647058,0.47619047619047616,0.5735294117647058,0.8,1.0,0.9661016949152542,10.0,0.1,0.684501452797
polygarbor,pmd_l3,few10,43,10,80,complete,,0.011716324999724748,0.48526113148501404,0.49246147521323214,0.0,0.5370324132965089,0.53,0.0,0.3103448275862069,0.3088235294117647,0.8888888888888888,0.8088235294117647,0.21666666666666667,1.0,0.7627118644067796,,,
polygarbor,pmd_l1,few10,43,10,80,complete,,0.0064673019987822045,0.40278838676791484,0.39135084505639295,0.0,0.4354073113603619,0.434,0.0,0.5172413793103449,0.14705882352941177,0.8571428571428571,0.8382352941176471,0.2,0.24561403508771928,0.6779661016949152,,,
polygarbor,nearest_centroid,few10,43,10,80,complete,,0.0011703099989972543,0.6780310877779285,0.6281410687984463,0.6036915175574828,0.6302322827545219,0.624,0.5373134328358209,0.39655172413793105,0.47058823529411764,0.6507936507936508,0.5588235294117647,0.55,0.8947368421052632,0.9830508474576272,,,
polygarbor,svm_default,few10,43,10,80,complete,,0.0014867740028421395,0.7449230705769211,0.6785535821686035,0.6588798341896082,0.6777712795949624,0.672,0.6417910447761194,0.5517241379310345,0.6617647058823529,0.5079365079365079,0.5294117647058824,0.6166666666666667,0.9298245614035088,0.9830508474576272,1.0,scale,
polygarbor,svm_tuned,few10,43,10,80,complete,,0.13012392800010275,0.7968911439146702,0.7328331442756979,0.7166727818917256,0.734958241498576,0.73,0.5373134328358209,0.5689655172413793,0.6323529411764706,0.7619047619047619,0.7794117647058824,0.6166666666666667,1.0,0.9830508474576272,100.0,0.01,0.7968911439146702
polygarbor,pmd_l3,few20,43,20,160,complete,,0.020968969001842197,0.6098960672943154,0.5935290733089535,0.5093590162654879,0.6169249864226566,0.612,0.26865671641791045,0.4827586206896552,0.47058823529411764,0.746031746031746,0.8676470588235294,0.11666666666666667,1.0,0.9830508474576272,,,
polygarbor,pmd_l1,few20,43,20,160,complete,,0.00825273299778928,0.5562758463019467,0.563600899254904,0.4885241059683438,0.5993877094436034,0.588,0.23880597014925373,0.7758620689655172,0.10294117647058823,0.9523809523809523,0.75,0.43333333333333335,0.9824561403508771,0.559322033898305,,,
polygarbor,nearest_centroid,few20,43,20,160,complete,,0.0011773629994422663,0.6615696139089458,0.6400426482840461,0.6170152469170902,0.6424913474715049,0.638,0.5671641791044776,0.41379310344827586,0.5,0.6507936507936508,0.6470588235294118,0.48333333333333334,0.8947368421052632,0.9830508474576272,,,
polygarbor,svm_default,few20,43,20,160,complete,,0.001782873001502594,0.7911585091264948,0.752983591692749,0.735882973137219,0.7523275943421506,0.75,0.6567164179104478,0.5344827586206896,0.6911764705882353,0.5873015873015873,0.8676470588235294,0.7333333333333333,0.9649122807017544,0.9830508474576272,1.0,scale,
polygarbor,svm_tuned,few20,43,20,160,complete,,0.18174418799753767,0.8143037066886137,0.7728359701968672,0.7628975827520382,0.77514356179603,0.77,0.6865671641791045,0.6206896551724138,0.5882352941176471,0.746031746031746,0.7941176470588235,0.8,0.9824561403508771,0.9830508474576272,100.0,scale,0.8143037066886137
polygarbor,pmd_l3,few50,43,50,400,complete,,0.05662753900105599,0.6932851035268399,0.6780423910551538,0.6399980655506603,0.6881640761875668,0.684,0.47761194029850745,0.5862068965517241,0.5294117647058824,0.873015873015873,0.8235294117647058,0.2833333333333333,1.0,0.9322033898305084,,,
polygarbor,pmd_l1,few50,43,50,400,complete,,0.010143971001525642,0.7210538443075152,0.7234515859231014,0.6945674681378582,0.7385746664641356,0.734,0.7611940298507462,0.7413793103448276,0.27941176470588236,0.9682539682539683,0.8970588235294118,0.5833333333333334,1.0,0.6779661016949152,,,
polygarbor,nearest_centroid,few50,43,50,400,complete,,0.0012503350008046255,0.6758257765985434,0.614209685583308,0.5911231522108136,0.6163250672421556,0.61,0.6119402985074627,0.4482758620689655,0.4411764705882353,0.6031746031746031,0.5,0.48333333333333334,0.8596491228070176,0.9830508474576272,,,
polygarbor,svm_default,few50,43,50,400,complete,,0.0033559709991095588,0.8085144880777829,0.7711245313779682,0.756647821481972,0.7716547848168993,0.77,0.6268656716417911,0.5517241379310345,0.7794117647058824,0.6349206349206349,0.8823529411764706,0.75,0.9649122807017544,0.9830508474576272,1.0,scale,
polygarbor,svm_tuned,few50,43,50,400,complete,,0.36847897700135945,0.8552717186678074,0.8174920581934437,0.8095932593839232,0.8175461594659184,0.816,0.7761194029850746,0.603448275862069,0.7794117647058824,0.8412698412698413,0.8088235294117647,0.7833333333333333,0.9649122807017544,0.9830508474576272,1000.0,0.01,0.8552717186678074
polygarbor,pmd_l3,few100,43,100,800,complete,,0.10947870900054113,0.7452379976918657,0.7067715830891326,0.6877727188193852,0.7128360168516173,0.708,0.47761194029850745,0.6551724137931034,0.5147058823529411,0.9206349206349206,0.8382352941176471,0.5166666666666667,1.0,0.7796610169491526,,,
polygarbor,pmd_l1,few100,43,100,800,complete,,0.01230316199871595,0.7827245735865919,0.7708023851983377,0.7591750228743186,0.7773917103166071,0.774,0.7761194029850746,0.8103448275862069,0.4852941176470588,0.9365079365079365,0.8676470588235294,0.75,1.0,0.5932203389830508,,,
polygarbor,nearest_centroid,few100,43,100,800,complete,,0.001400320998072857,0.6924099110383516,0.6349195412006626,0.6110141063733102,0.6361736711472439,0.63,0.5970149253731343,0.41379310344827586,0.4852941176470588,0.6507936507936508,0.5147058823529411,0.55,0.8947368421052632,0.9830508474576272,,,
polygarbor,svm_default,few100,43,100,800,complete,,0.00677724799970747,0.8489985213704898,0.8173051429550439,0.8081276721284325,0.818752208133094,0.816,0.6716417910447762,0.603448275862069,0.7647058823529411,0.8095238095238095,0.8676470588235294,0.85,1.0,0.9830508474576272,1.0,scale,
polygarbor,svm_tuned,few100,43,100,800,complete,,0.7162768300004245,0.8951594859995422,0.8622320185353758,0.857728591239949,0.8628406197887153,0.86,0.746268656716418,0.7413793103448276,0.7794117647058824,0.8888888888888888,0.8970588235294118,0.8666666666666667,1.0,0.9830508474576272,10.0,0.1,0.8951594859995422
polygarbor,pmd_l3,full,43,500,2800,complete,,0.4145635340028093,0.8268782053192651,0.805394756854946,0.7923421495822015,0.8122542418676053,0.808,0.8507462686567164,0.8448275862068966,0.4852941176470588,0.9365079365079365,0.8823529411764706,0.6,1.0,0.8983050847457628,,,
polygarbor,pmd_l1,full,43,500,2800,complete,,0.03414421900015441,0.8178983174732715,0.8183959976406968,0.8114380976513194,0.8240168065631133,0.82,0.8507462686567164,0.896551724137931,0.5294117647058824,0.9365079365079365,0.8676470588235294,0.8,0.9824561403508771,0.7288135593220338,,,
polygarbor,nearest_centroid,full,43,500,2800,complete,,0.004220901002554456,0.6912895313773174,0.6554545100433455,0.6351163542210521,0.6567469583622844,0.652,0.6716417910447762,0.46551724137931033,0.5294117647058824,0.6507936507936508,0.5588235294117647,0.5,0.8947368421052632,0.9830508474576272,,,
polygarbor,svm_default,full,43,500,2800,complete,,0.0514518029995088,0.9001712739575227,0.8795365256304759,0.8757827320556955,0.88054892759288,0.878,0.8059701492537313,0.7241379310344828,0.8088235294117647,0.9047619047619048,0.8676470588235294,0.95,1.0,0.9830508474576272,1.0,scale,
polygarbor,svm_tuned,full,43,500,2800,complete,,4.184328682000341,0.9349571142331983,0.9333166893359166,0.9327282601819458,0.9339721248010822,0.932,0.8656716417910447,0.8793103448275862,0.8970588235294118,0.9682539682539683,0.9117647058823529,0.9666666666666667,1.0,0.9830508474576272,10.0,0.1,0.9349571142331983
polygarbor_aug,pmd_l3,few1,42,1,32,complete,,0.008600393997767242,0.3476308766297205,0.3137582346629481,0.1296267661047854,0.35368059585914274,0.334,0.014925373134328358,0.15517241379310345,0.08823529411764706,0.015873015873015872,0.04411764705882353,0.6333333333333333,0.8947368421052632,0.9830508474576272,,,
polygarbor_aug,pmd_l1,few1,42,1,32,complete,,0.005416103998868493,0.3625380670991809,0.3151209299774276,0.15744569852929807,0.3699368175151264,0.35,0.04477611940298507,0.15517241379310345,0.04411764705882353,0.06349206349206349,0.029411764705882353,0.85,0.7894736842105263,0.9830508474576272,,,
polygarbor_aug,nearest_centroid,few1,42,1,32,complete,,0.0011648450017673895,0.4981712970198412,0.4812562462439713,0.3635723129686216,0.5062701030527976,0.49,0.08955223880597014,0.25862068965517243,0.4852941176470588,0.3333333333333333,0.10294117647058823,0.85,0.9473684210526315,0.9830508474576272,,,
polygarbor_aug,svm_default,few1,42,1,32,complete,,0.0013926669998909347,0.4969446562662445,0.4911999379552735,0.38136786604989786,0.515271054179517,0.5,0.11940298507462686,0.25862068965517243,0.5441176470588235,0.3333333333333333,0.10294117647058823,0.8333333333333334,0.9473684210526315,0.9830508474576272,1.0,scale,
polygarbor_aug,svm_tuned,few1,42,1,32,complete,,0.10223293799936073,0.5017869058177622,0.48690180356321333,0.374089697675579,0.5134328188853994,0.498,0.11940298507462686,0.25862068965517243,0.5441176470588235,0.3333333333333333,0.08823529411764706,0.8333333333333334,0.9473684210526315,0.9830508474576272,0.1,scale,0.5017869058177622
polygarbor_aug,pmd_l3,few2,42,2,64,complete,,0.010967774000164354,0.4189072183971964,0.44011831623620246,0.0,0.49586305653562374,0.48,0.6417910447761194,0.896551724137931,0.27941176470588236,0.0,0.10294117647058823,0.13333333333333333,0.9298245614035088,0.9830508474576272,,,
polygarbor_aug,pmd_l1,few2,42,2,64,complete,,0.005992081998556387,0.25087966464862727,0.25296737455154483,0.0,0.2685569755730866,0.26,0.19402985074626866,0.46551724137931033,0.19117647058823528,0.0,0.058823529411764705,0.15,0.12280701754385964,0.9661016949152542,,,
polygarbor_aug,nearest_centroid,few2,42,2,64,complete,,0.0012175419979030266,0.4981970986982417,0.5004943863326217,0.4168282230309208,0.5145376558595115,0.498,0.11940298507462686,0.39655172413793105,0.19117647058823528,0.49206349206349204,0.3235294117647059,0.7333333333333333,0.8771929824561403,0.9830508474576272,,,
polygarbor_aug,svm_default,few2,42,2,64,complete,,0.001459529001294868,0.5315164335114597,0.48511232857837355,0.35336350614837536,0.5036842926092173,0.486,0.04477611940298507,0.25862068965517243,0.27941176470588236,0.38095238095238093,0.23529411764705882,0.9,0.9473684210526315,0.9830508474576272,1.0,scale,
polygarbor_aug,svm_tuned,few2,42,2,64,complete,,0.12464570399970398,0.5568624686031248,0.49916974844788387,0.37967716271124397,0.5182290588773646,0.504,0.05970149253731343,0.2413793103448276,0.5441176470588235,0.30158730158730157,0.23529411764705882,0.8333333333333334,0.9473684210526315,0.9830508474576272,10.0,0.1,0.5568624686031248
polygarbor_aug,pmd_l3,few5,42,5,160,complete,,0.020566103998135077,0.5062776966812161,0.5116674946999014,0.0,0.545496697474731,0.536,0.7164179104477612,0.6379310344827587,0.3088235294117647,0.0,0.4852941176470588,0.25,0.9824561403508771,0.9830508474576272,,,
polygarbor_aug,pmd_l1,few5,42,5,160,complete,,0.013175006999517791,0.43605095615540757,0.43684215991571473,0.0,0.45860334646933687,0.452,0.7014925373134329,0.41379310344827586,0.3235294117647059,0.0,0.3235294117647059,0.16666666666666666,0.8245614035087719,0.9152542372881356,,,
polygarbor_aug,nearest_centroid,few5,42,5,160,complete,,0.002232656999694882,0.5113176442882592,0.5254524437041086,0.46746260875593154,0.5275015627430657,0.518,0.31343283582089554,0.20689655172413793,0.3382352941176471,0.4444444444444444,0.45588235294117646,0.5833333333333334,0.8947368421052632,0.9830508474576272,,,
polygarbor_aug,svm_default,few5,42,5,160,complete,,0.0019709970001713373,0.6409287920465875,0.6087303891328386,0.5541124693939514,0.6109584024003107,0.6,0.23880597014925373,0.41379310344827586,0.5294117647058824,0.4126984126984127,0.5441176470588235,0.7833333333333333,0.9824561403508771,0.9830508474576272,1.0,scale,
polygarbor_aug,svm_tuned,few5,42,5,160,complete,,0.18930651299888268,0.6409287920465875,0.6087303891328386,0.5541124693939514,0.6109584024003107,0.6,0.23880597014925373,0.41379310344827586,0.5294117647058824,0.4126984126984127,0.5441176470588235,0.7833333333333333,0.9824561403508771,0.9830508474576272,1.0,scale,0.6409287920465875
polygarbor_aug,pmd_l3,few10,42,10,320,complete,,0.032627551998302806,0.5665062941363872,0.5538169782575038,0.4745322660630497,0.5832790986086547,0.574,0.8059701492537313,0.7241379310344828,0.2647058823529412,0.47619047619047616,0.38235294117647056,0.1,0.9298245614035088,0.9830508474576272,,,
polygarbor_aug,pmd_l1,few10,42,10,320,complete,,0.009476872000959702,0.5260395111876452,0.5385105621380688,0.4007112380983089,0.5506814509241701,0.536,0.4626865671641791,0.7586206896551724,0.029411764705882353,0.5555555555555556,0.45588235294117646,0.3,0.8771929824561403,0.9661016949152542,,,
polygarbor_aug,nearest_centroid,few10,42,10,320,complete,,0.001467885998863494,0.5936839592967768,0.5868087625389882,0.5308511291077802,0.5992965468200727,0.596,0.6119402985074627,0.13793103448275862,0.47058823529411764,0.5873015873015873,0.5588235294117647,0.55,0.8947368421052632,0.9830508474576272,,,
polygarbor_aug,svm_default,few10,42,10,320,complete,,0.003003068999532843,0.7397329103678426,0.7311407134663439,0.7134088544432523,0.7311558793875119,0.728,0.8059701492537313,0.5344827586206896,0.5735294117647058,0.5873015873015873,0.75,0.65,0.9649122807017544,0.9830508474576272,1.0,scale,
polygarbor_aug,svm_tuned,few10,42,10,320,complete,,0.3030496579995088,0.7397329103678426,0.7311407134663439,0.7134088544432523,0.7311558793875119,0.728,0.8059701492537313,0.5344827586206896,0.5735294117647058,0.5873015873015873,0.75,0.65,0.9649122807017544,0.9830508474576272,1.0,scale,0.7397329103678426
polygarbor_aug,pmd_l3,few20,42,20,640,complete,,0.06974376600192045,0.5892046873062682,0.6011408081505517,0.5110188890366274,0.6227589882250191,0.618,0.746268656716418,0.6379310344827587,0.29411764705882354,0.6984126984126984,0.6617647058823529,0.08333333333333333,0.8771929824561403,0.9830508474576272,,,
polygarbor_aug,pmd_l1,few20,42,20,640,complete,,0.017590487997949822,0.5762862343798151,0.5793037831787213,0.47384815698294075,0.5982344697096991,0.584,0.5970149253731343,0.9482758620689655,0.058823529411764705,0.7777777777777778,0.36764705882352944,0.4,0.7719298245614035,0.864406779661017,,,
polygarbor_aug,nearest_centroid,few20,42,20,640,complete,,0.0025490769985481165,0.6305021312304819,0.6107768849943811,0.5785211169538965,0.6149857439849749,0.612,0.582089552238806,0.27586206896551724,0.5735294117647058,0.6349206349206349,0.5441176470588235,0.4666666666666667,0.8596491228070176,0.9830508474576272,,,
polygarbor_aug,svm_default,few20,42,20,640,complete,,0.010352631001296686,0.7672653653776469,0.7426631787685323,0.7304294385740028,0.742251441891301,0.738,0.746268656716418,0.5862068965517241,0.6323529411764706,0.6349206349206349,0.6911764705882353,0.7166666666666667,0.9473684210526315,0.9830508474576272,1.0,scale,
polygarbor_aug,svm_tuned,few20,42,20,640,complete,,0.5766292339976644,0.7708231471239486,0.7795816329716323,0.769339711629638,0.7793186230540208,0.774,0.7611940298507462,0.6724137931034483,0.7205882352941176,0.7619047619047619,0.6029411764705882,0.75,0.9824561403508771,0.9830508474576272,10.0,scale,0.7708231471239486
polygarbor_aug,pmd_l3,few50,42,50,1600,complete,,0.18056826500105672,0.7150208728676994,0.6832529396348581,0.6221977596861944,0.7108532851396386,0.704,0.835820895522388,0.8103448275862069,0.19117647058823528,0.7301587301587301,0.8529411764705882,0.2833333333333333,1.0,0.9830508474576272,,,
polygarbor_aug,pmd_l1,few50,42,50,1600,complete,,0.018008328002906637,0.7186004598137261,0.6742696698780173,0.6276903875934843,0.6919722328612825,0.684,0.7910447761194029,0.8620689655172413,0.17647058823529413,0.873015873015873,0.6911764705882353,0.5166666666666667,0.9473684210526315,0.6779661016949152,,,
polygarbor_aug,nearest_centroid,few50,42,50,1600,complete,,0.0023206379992188886,0.6643064407495329,0.6135336225000837,0.5750193168268356,0.6157308892001973,0.612,0.6716417910447762,0.25862068965517243,0.5588235294117647,0.5873015873015873,0.45588235294117646,0.5333333333333333,0.8771929824561403,0.9830508474576272,,,
polygarbor_aug,svm_default,few50,42,50,1600,complete,,0.019184115997632034,0.8374753043884962,0.8078134091264263,0.800065744084787,0.808489716778867,0.806,0.7611940298507462,0.603448275862069,0.7647058823529411,0.7936507936507936,0.7794117647058824,0.8,0.9824561403508771,0.9830508474576272,1.0,scale,
polygarbor_aug,svm_tuned,few50,42,50,1600,complete,,1.7969430390003254,0.8489041984818799,0.8440117184135787,0.8397452235954264,0.8451176553964139,0.842,0.7761194029850746,0.7068965517241379,0.75,0.8888888888888888,0.8235294117647058,0.85,0.9824561403508771,0.9830508474576272,10.0,scale,0.8489041984818799
polygarbor_aug,pmd_l3,few100,42,100,2800,complete,,0.30697117499948945,0.7624101420510454,0.7131384012947105,0.6669044322071144,0.7363201547865614,0.73,0.8805970149253731,0.8103448275862069,0.25,0.873015873015873,0.7941176470588235,0.3333333333333333,1.0,0.9491525423728814,,,
polygarbor_aug,pmd_l1,few100,42,100,2800,complete,,0.02536990800217609,0.7612918617863156,0.7382277050989597,0.7141688520792723,0.7490834236030375,0.744,0.8208955223880597,0.8103448275862069,0.3088235294117647,0.9365079365079365,0.8235294117647058,0.6333333333333333,0.9473684210526315,0.711864406779661,,,
polygarbor_aug,nearest_centroid,few100,42,100,2800,complete,,0.002052881998679368,0.6894722809416485,0.6466601965448081,0.6237703428585843,0.6472195957788911,0.642,0.6865671641791045,0.4482758620689655,0.5,0.6190476190476191,0.5294117647058824,0.5166666666666667,0.8947368421052632,0.9830508474576272,,,
polygarbor_aug,svm_default,few100,42,100,2800,complete,,0.05107451200092328,0.866506141482986,0.841840529692514,0.835123419634377,0.8427107922529661,0.84,0.7910447761194029,0.6551724137931034,0.7205882352941176,0.8888888888888888,0.8529411764705882,0.85,1.0,0.9830508474576272,1.0,scale,
polygarbor_aug,svm_tuned,few100,42,100,2800,complete,,4.093567250001797,0.9002183646710843,0.8673498223227696,0.8620908481921145,0.8685962098957479,0.866,0.835820895522388,0.6896551724137931,0.7352941176470589,0.9206349206349206,0.8676470588235294,0.9166666666666666,1.0,0.9830508474576272,10.0,scale,0.9002183646710843
polygarbor_aug,pmd_l3,full,42,500,2800,complete,,0.33057863599970005,0.8106994996941231,0.8014379358295276,0.7884210386468858,0.8069732594181283,0.802,0.8507462686567164,0.8448275862068966,0.4852941176470588,0.9047619047619048,0.8382352941176471,0.6166666666666667,1.0,0.9152542372881356,,,
polygarbor_aug,pmd_l1,full,42,500,2800,complete,,0.024684477000846528,0.8199421235154591,0.7900270227192538,0.7778531116537004,0.7960611630152961,0.792,0.8805970149253731,0.8620689655172413,0.47058823529411764,0.9365079365079365,0.8235294117647058,0.6833333333333333,1.0,0.711864406779661,,,
polygarbor_aug,nearest_centroid,full,42,500,2800,complete,,0.0020277229996281676,0.6778234064597375,0.645848965572139,0.6235194427821035,0.647338051121227,0.642,0.6716417910447762,0.4482758620689655,0.47058823529411764,0.6349206349206349,0.5588235294117647,0.5166666666666667,0.8947368421052632,0.9830508474576272,,,
polygarbor_aug,svm_default,full,42,500,2800,complete,,0.04806479399849195,0.8907077506726371,0.8688107836732313,0.8637691772259277,0.8701344053763763,0.868,0.7910447761194029,0.6724137931034483,0.8088235294117647,0.9047619047619048,0.8676470588235294,0.9333333333333333,1.0,0.9830508474576272,1.0,scale,
polygarbor_aug,svm_tuned,full,42,500,2800,complete,,4.204220221003197,0.9282119992753205,0.9129622088716836,0.9104368753527526,0.9134343411509949,0.912,0.9402985074626866,0.7758620689655172,0.8529411764705882,0.9523809523809523,0.8529411764705882,0.95,1.0,0.9830508474576272,10.0,0.1,0.9282119992753205
polygarbor_aug,pmd_l3,few1,43,1,32,complete,,0.008558049001294421,0.35677579001674703,0.42813389746244335,0.3311848372023092,0.43363630210350085,0.424,0.08955223880597014,0.43103448275862066,0.14705882352941177,0.3968253968253968,0.5882352941176471,0.16666666666666666,0.6666666666666666,0.9830508474576272,,,
polygarbor_aug,pmd_l1,few1,43,1,32,complete,,0.005096472003060626,0.3961066501874857,0.3739857449890757,0.2621381537872395,0.3920469702585956,0.38,0.05970149253731343,0.20689655172413793,0.11764705882352941,0.15873015873015872,0.5147058823529411,0.21666666666666667,0.9298245614035088,0.9322033898305084,,,
polygarbor_aug,nearest_centroid,few1,43,1,32,complete,,0.0010741490004875232,0.4641661410979925,0.447123774378303,0.33116827506185703,0.46053803120626235,0.452,0.11940298507462686,0.08620689655172414,0.5588235294117647,0.14285714285714285,0.36764705882352944,0.5666666666666667,0.8596491228070176,0.9830508474576272,,,
polygarbor_aug,svm_default,few1,43,1,32,complete,,0.0011726949996955227,0.476941303992588,0.451252334174758,0.3458860581325761,0.4640853121876205,0.454,0.11940298507462686,0.1896551724137931,0.4852941176470588,0.09523809523809523,0.39705882352941174,0.5833333333333334,0.8596491228070176,0.9830508474576272,1.0,scale,
polygarbor_aug,svm_tuned,few1,43,1,32,complete,,0.09465758699661819,0.5066603144880872,0.47805821876187277,0.38322791694174674,0.4976210404535185,0.486,0.11940298507462686,0.3620689655172414,0.4852941176470588,0.09523809523809523,0.4411764705882353,0.6,0.8947368421052632,0.9830508474576272,0.1,0.1,0.5066603144880872
polygarbor_aug,pmd_l3,few2,43,2,64,complete,,0.009941551001247717,0.38622896745838486,0.39219920329034363,0.0,0.44260103516469673,0.426,0.3283582089552239,0.017241379310344827,0.0,0.015873015873015872,0.2647058823529412,0.9666666666666667,0.9649122807017544,0.9830508474576272,,,
polygarbor_aug,pmd_l1,few2,43,2,64,complete,,0.0055233589991985355,0.33188333860086766,0.3333800404852374,0.14150889083523188,0.38373149532956063,0.364,0.1791044776119403,0.1206896551724138,0.014705882352941176,0.015873015873015872,0.04411764705882353,0.8333333333333334,0.9298245614035088,0.9322033898305084,,,
polygarbor_aug,nearest_centroid,few2,43,2,64,complete,,0.001049143000273034,0.49983369519088505,0.5044197120736889,0.39184948138220355,0.5215155313430293,0.514,0.47761194029850745,0.06896551724137931,0.39705882352941174,0.14285714285714285,0.4411764705882353,0.7666666666666667,0.8947368421052632,0.9830508474576272,,,
polygarbor_aug,svm_default,few2,43,2,64,complete,,0.0012401249987306073,0.5196817121598611,0.5008486382342829,0.41660219353768574,0.5012191903978241,0.494,0.4626865671641791,0.1206896551724138,0.38235294117647056,0.2222222222222222,0.4264705882352941,0.5,0.9122807017543859,0.9830508474576272,1.0,scale,
polygarbor_aug,svm_tuned,few2,43,2,64,complete,,0.11059205000128713,0.5639467718010756,0.5297449748197051,0.46232351629570917,0.5346517452555972,0.522,0.417910447761194,0.4482758620689655,0.29411764705882354,0.15873015873015872,0.39705882352941174,0.6833333333333333,0.8947368421052632,0.9830508474576272,1.0,0.1,0.5639467718010756
polygarbor_aug,pmd_l3,few5,43,5,160,complete,,0.0159619450023456,0.4615358598117625,0.45303416834028964,0.0,0.5082217103960027,0.494,0.13432835820895522,0.08620689655172414,0.0,0.6825396825396826,0.5147058823529411,0.7333333333333333,0.9824561403508771,0.9322033898305084,,,
polygarbor_aug,pmd_l1,few5,43,5,160,complete,,0.007003070997598115,0.4422518521067213,0.4333826091212019,0.28409444706804493,0.4625812925328005,0.452,0.1044776119402985,0.29310344827586204,0.014705882352941176,0.6507936507936508,0.6176470588235294,0.3333333333333333,0.7543859649122807,0.9322033898305084,,,
polygarbor_aug,nearest_centroid,few5,43,5,160,complete,,0.0011175920008099638,0.5520144053553496,0.5386221468148751,0.48398360223096537,0.5370886123645864,0.53,0.373134328358209,0.27586206896551724,0.5735294117647058,0.2857142857142857,0.4264705882352941,0.4666666666666667,0.9122807017543859,0.9830508474576272,,,
polygarbor_aug,svm_default,few5,43,5,160,complete,,0.0016781159974925686,0.6560910460352414,0.6269176848605833,0.5942177056038901,0.6262793516619939,0.616,0.3880597014925373,0.5344827586206896,0.5441176470588235,0.4603174603174603,0.4852941176470588,0.65,0.9649122807017544,0.9830508474576272,1.0,scale,
polygarbor_aug,svm_tuned,few5,43,5,160,complete,,0.16425623599934625,0.6560910460352414,0.6269176848605833,0.5942177056038901,0.6262793516619939,0.616,0.3880597014925373,0.5344827586206896,0.5441176470588235,0.4603174603174603,0.4852941176470588,0.65,0.9649122807017544,0.9830508474576272,1.0,scale,0.6560910460352414
polygarbor_aug,pmd_l3,few10,43,10,320,complete,,0.028481125002144836,0.5152547347656394,0.5319004998955366,0.3436701100716739,0.5852683652117596,0.574,0.014925373134328358,0.3793103448275862,0.10294117647058823,0.9523809523809523,0.8676470588235294,0.43333333333333335,0.9824561403508771,0.9491525423728814,,,
polygarbor_aug,pmd_l1,few10,43,10,320,complete,,0.008479042997350916,0.5101016273654979,0.5399349026203188,0.46542826971399526,0.5635232569102924,0.552,0.208955223880597,0.6896551724137931,0.17647058823529413,0.6666666666666666,0.7058823529411765,0.21666666666666667,0.8947368421052632,0.9491525423728814,,,
polygarbor_aug,nearest_centroid,few10,43,10,320,complete,,0.0011992059990006965,0.6817411568095794,0.6381953739808861,0.616518317573438,0.6405475295428924,0.634,0.5373134328358209,0.43103448275862066,0.47058823529411764,0.6507936507936508,0.5735294117647058,0.5833333333333334,0.8947368421052632,0.9830508474576272,,,
polygarbor_aug,svm_default,few10,43,10,320,complete,,0.0026662150012271013,0.7863558288019974,0.7400685480184104,0.7214983655046834,0.7395642594662547,0.738,0.7164179104477612,0.4827586206896552,0.6617647058823529,0.7301587301587301,0.7941176470588235,0.5833333333333334,0.9649122807017544,0.9830508474576272,1.0,scale,
polygarbor_aug,svm_tuned,few10,43,10,320,complete,,0.2698721340020711,0.7888032178481217,0.7450849570358294,0.7342993812328842,0.745326911546565,0.74,0.6865671641791045,0.6724137931034483,0.6617647058823529,0.7142857142857143,0.6617647058823529,0.6166666666666667,1.0,0.9491525423728814,100.0,0.001,0.7888032178481217
polygarbor_aug,pmd_l3,few20,43,20,640,complete,,0.05579267099892604,0.6558771315376586,0.641363560830302,0.5866540432095898,0.6598445267930411,0.652,0.31343283582089554,0.46551724137931033,0.25,0.8888888888888888,0.9117647058823529,0.5,1.0,0.9491525423728814,,,
polygarbor_aug,pmd_l1,few20,43,20,640,complete,,0.0110582399975101,0.5849931044519472,0.5857956221882487,0.5017929327695757,0.620226594396534,0.608,0.26865671641791045,0.8275862068965517,0.08823529411764706,0.9047619047619048,0.7794117647058824,0.43333333333333335,0.9649122807017544,0.6949152542372882,,,
polygarbor_aug,nearest_centroid,few20,43,20,640,complete,,0.0013084700003673788,0.6635758063389483,0.641475861731594,0.6184135754969339,0.6441118519951534,0.64,0.5671641791044776,0.39655172413793105,0.5147058823529411,0.6349206349206349,0.6617647058823529,0.5,0.8947368421052632,0.9830508474576272,,,
polygarbor_aug,svm_default,few20,43,20,640,complete,,0.005045712998253293,0.8031164322213833,0.8063783108500686,0.7974113281397112,0.8071749223894948,0.804,0.7313432835820896,0.6206896551724138,0.7058823529411765,0.7301587301587301,0.8529411764705882,0.8333333333333334,1.0,0.9830508474576272,1.0,scale,
polygarbor_aug,svm_tuned,few20,43,20,640,complete,,0.5422032399983436,0.8124222370312717,0.7845661741665968,0.7759139859429484,0.7876004185647438,0.782,0.6716417910447762,0.6551724137931034,0.5882352941176471,0.7777777777777778,0.8088235294117647,0.85,1.0,0.9491525423728814,1.0,0.1,0.8124222370312717
polygarbor_aug,pmd_l3,few50,43,50,1600,complete,,0.15786719899915624,0.7343110443540515,0.7133624650828864,0.6810119275857737,0.7255338251475996,0.72,0.6417910447761194,0.6896551724137931,0.38235294117647056,0.9047619047619048,0.8529411764705882,0.36666666666666664,1.0,0.9661016949152542,,,
polygarbor_aug,pmd_l1,few50,43,50,1600,complete,,0.018079718000080902,0.7601244844563921,0.7176439748921425,0.6705552754935085,0.7332612655339212,0.726,0.7611940298507462,0.8103448275862069,0.19117647058823528,0.873015873015873,0.8676470588235294,0.6,1.0,0.7627118644067796,,,
polygarbor_aug,nearest_centroid,few50,43,50,1600,complete,,0.0017240300003322773,0.6697277423192083,0.6185894911331057,0.5949539185687952,0.6203015085649534,0.614,0.6417910447761194,0.4482758620689655,0.4411764705882353,0.6031746031746031,0.4852941176470588,0.5,0.8596491228070176,0.9830508474576272,,,
polygarbor_aug,svm_default,few50,43,50,1600,complete,,0.019343497999216197,0.8273683431735412,0.8115309672634514,0.8012335486358959,0.8121742093748328,0.81,0.7164179104477612,0.5862068965517241,0.75,0.746031746031746,0.8823529411764706,0.8333333333333334,1.0,0.9830508474576272,1.0,scale,
polygarbor_aug,svm_tuned,few50,43,50,1600,complete,,1.6994957179995254,0.8564767810691725,0.8196580806431164,0.8106924726115948,0.8206535034771023,0.818,0.7313432835820896,0.603448275862069,0.7352941176470589,0.7777777777777778,0.8676470588235294,0.8666666666666667,1.0,0.9830508474576272,10.0,0.01,0.8564767810691725
polygarbor_aug,pmd_l3,few100,43,100,2800,complete,,0.3182989999986603,0.7814187778223541,0.739269795187671,0.7213884460750004,0.7468862302125475,0.74,0.6567164179104478,0.7758620689655172,0.39705882352941174,0.8888888888888888,0.8088235294117647,0.5833333333333334,1.0,0.864406779661017,,,
polygarbor_aug,pmd_l1,few100,43,100,2800,complete,,0.024685352997039445,0.7840257796137471,0.782291637994822,0.7646301856713312,0.7882748356691235,0.784,0.8507462686567164,0.7586206896551724,0.39705882352941174,0.8888888888888888,0.8823529411764706,0.8166666666666667,1.0,0.711864406779661,,,
polygarbor_aug,nearest_centroid,few100,43,100,2800,complete,,0.0019398320000618696,0.6866632528783878,0.6314963936827827,0.6081052958243284,0.6328859076802171,0.626,0.582089552238806,0.43103448275862066,0.4852941176470588,0.6349206349206349,0.4852941176470588,0.5666666666666667,0.8947368421052632,0.9830508474576272,,,
polygarbor_aug,svm_default,few100,43,100,2800,complete,,0.05312690999926417,0.8592388961179838,0.83721545608068,0.8309110350474438,0.8396722024818372,0.836,0.6567164179104478,0.6896551724137931,0.7794117647058824,0.8095238095238095,0.8823529411764706,0.9166666666666666,1.0,0.9830508474576272,1.0,scale,
polygarbor_aug,svm_tuned,few100,43,100,2800,complete,,3.7389239500007534,0.8824590808506452,0.8813011629204395,0.8761606665943509,0.881543883389575,0.88,0.8656716417910447,0.7068965517241379,0.7647058823529411,0.8888888888888888,0.9264705882352942,0.9166666666666666,1.0,0.9830508474576272,10.0,scale,0.8824590808506452
polygarbor_aug,pmd_l3,full,43,500,2800,complete,,0.36038666699823807,0.80412797659529,0.7567641558046314,0.7309814328556731,0.7689826122140893,0.762,0.7761194029850746,0.8103448275862069,0.3235294117647059,0.9047619047619048,0.8382352941176471,0.5666666666666667,1.0,0.9322033898305084,,,
polygarbor_aug,pmd_l1,full,43,500,2800,complete,,0.024467835999530507,0.7955019822599254,0.7936610308217866,0.7811936528315523,0.8001360737828984,0.796,0.835820895522388,0.8103448275862069,0.4411764705882353,0.9365079365079365,0.8823529411764706,0.7666666666666667,0.9824561403508771,0.7457627118644068,,,
polygarbor_aug,nearest_centroid,full,43,500,2800,complete,,0.0019681359990499914,0.6739717023091567,0.6434638699730684,0.6203541110881838,0.6437058869978914,0.638,0.5970149253731343,0.46551724137931033,0.5,0.6349206349206349,0.5735294117647058,0.48333333333333334,0.9122807017543859,0.9830508474576272,,,
polygarbor_aug,svm_default,full,43,500,2800,complete,,0.04396749300212832,0.8743103881136739,0.8680684926995731,0.8643051532295168,0.8686086110648277,0.866,0.7761194029850746,0.7413793103448276,0.8088235294117647,0.8571428571428571,0.8823529411764706,0.9,1.0,0.9830508474576272,1.0,scale,
polygarbor_aug,svm_tuned,full,43,500,2800,complete,,4.089817584997945,0.9127307563704672,0.9167085227407579,0.914093615437963,0.9168026536501239,0.916,0.8805970149253731,0.7758620689655172,0.8823529411764706,0.9841269841269841,0.9117647058823529,0.9166666666666666,1.0,0.9830508474576272,10.0,0.1,0.9127307563704672
