method,scenario,seed,images_per_class,fit_seconds,status,C,gamma,val_macro_f1,macro_f1,multiclass_gmean,balanced_accuracy,accuracy,recall_ADI,recall_BACK,recall_DEB,recall_LYM,recall_MUC,recall_MUS,recall_NORM,recall_STR,recall_TUM,selection_val_macro_f1,error
gabor_svm,few1,42,1,0.019030968000151915,complete,1.0,scale,0.37021453084439204,0.3457241116483228,0.22861685227816989,0.38059313950688256,0.40724233983286906,0.9162929745889388,0.8819362455726092,0.504424778761062,0.5441640378548895,0.06570048309178744,0.28209459459459457,0.058029689608636977,0.0688836104513064,0.10381184103811841,,
svm_tuned,few1,42,1,0.08109031100048014,complete,0.1,0.0001,0.37021453084439204,0.3457241116483228,0.22861685227816989,0.38059313950688256,0.40724233983286906,0.9162929745889388,0.8819362455726092,0.504424778761062,0.5441640378548895,0.06570048309178744,0.28209459459459457,0.058029689608636977,0.0688836104513064,0.10381184103811841,0.37021453084439204,
nearest_centroid,few1,42,1,0.0031542449996777577,complete,,,0.37021453084439204,0.3457241116483228,0.22861685227816989,0.38059313950688256,0.40724233983286906,0.9162929745889388,0.8819362455726092,0.504424778761062,0.5441640378548895,0.06570048309178744,0.28209459459459457,0.058029689608636977,0.0688836104513064,0.10381184103811841,,
pmd_l3,few1,42,1,,undefined,,,,,,,,,,,,,,,,,,IndexError: tuple index out of range
gabor_svm,few2,42,2,0.0011426729997765506,complete,1.0,scale,0.3640978443611213,0.31536028768514024,0.20232378677121063,0.32551566878712657,0.33467966573816155,0.914050822122571,0.29161747343565525,0.4749262536873156,0.2807570977917981,0.08985507246376812,0.2989864864864865,0.01349527665317139,0.47268408551068886,0.09326845093268452,,
svm_tuned,few2,42,2,0.08516726699963328,complete,1000.0,0.001,0.4468629000259796,0.43136868413634993,0.32831127239242663,0.45404580757826146,0.4913649025069638,0.9364723467862481,0.9055489964580874,0.5162241887905604,0.6514195583596214,0.04927536231884058,0.18412162162162163,0.34143049932523617,0.1377672209026128,0.36415247364152475,0.4468629000259796,
nearest_centroid,few2,42,2,0.0010793209994517383,complete,,,0.3867595626311109,0.2627761462941214,0.16903744671281368,0.28892932884734146,0.3052924791086351,0.9020926756352765,0.024793388429752067,0.5132743362831859,0.5205047318611987,0.04830917874396135,0.21283783783783783,0.0931174089068826,0.16864608076009502,0.11678832116788321,,
pmd_l3,few2,42,2,0.009375442000418843,complete,,,0.19696482806360865,0.21314330283409,0.0,0.26764826646866374,0.24108635097493036,0.1375186846038864,0.9976387249114522,0.696165191740413,0.022082018927444796,0.2357487922705314,0.0,0.22941970310391363,0.09026128266033254,0.0,,
gabor_svm,few5,42,5,0.0014484210005321074,complete,1.0,scale,0.5126964187150724,0.3966041654175156,0.30015704572735885,0.42260012716471174,0.4565459610027855,0.9005979073243647,0.9716646989374262,0.584070796460177,0.3659305993690852,0.19516908212560385,0.10641891891891891,0.4534412955465587,0.07363420427553444,0.15247364152473641,,
svm_tuned,few5,42,5,0.1029473410007995,complete,10.0,0.01,0.5224546134122524,0.4414995535287969,0.31860392254416786,0.48348687267469753,0.5080779944289694,0.9050822122571002,0.9763872491145218,0.6460176991150443,0.5141955835962145,0.22608695652173913,0.07601351351351351,0.8178137651821862,0.0665083135391924,0.12327656123276562,0.5224546134122524,
nearest_centroid,few5,42,5,0.0010335750002923305,complete,,,0.4065831116782754,0.34836888955493744,0.26546574652587535,0.384573403741193,0.39401114206128135,0.8819133034379671,0.3105076741440378,0.6755162241887905,0.3753943217665615,0.12753623188405797,0.05574324324324324,0.7543859649122807,0.18527315914489312,0.0948905109489051,,
pmd_l3,few5,42,5,0.010749535999821092,complete,,,0.19715970725119095,0.14275906642354494,0.0,0.23216968541658833,0.19818941504178272,0.0014947683109118087,1.0,0.4306784660766962,0.06624605678233439,0.02608695652173913,0.36993243243243246,0.18083670715249664,0.014251781472684086,0.0,,
gabor_svm,few10,42,10,0.001578168000378355,complete,1.0,scale,0.5265976907571335,0.3969172237819171,0.3029930628324226,0.3951349280663311,0.45905292479108634,0.8871449925261584,0.9681227863046045,0.07374631268436578,0.3990536277602524,0.27246376811594203,0.1858108108108108,0.27530364372469635,0.23990498812351543,0.2546634225466342,,
svm_tuned,few10,42,10,0.12861549700028263,complete,1000.0,0.001,0.6071889667200352,0.47311939804078285,0.40390760794305336,0.5037562391461714,0.5093314763231198,0.7683109118086696,0.9244391971664699,0.45722713864306785,0.8675078864353313,0.20772946859903382,0.11486486486486487,0.6518218623481782,0.36104513064133015,0.18085969180859693,0.6071889667200352,
nearest_centroid,few10,42,10,0.0010988690000885981,complete,,,0.46076043222821184,0.4219400338040502,0.34169597781069766,0.4603670433231819,0.4681058495821727,0.9020926756352765,0.8559622195985832,0.6371681415929203,0.5930599369085173,0.13526570048309178,0.10810810810810811,0.5276653171390013,0.2850356294536817,0.0989456609894566,,
pmd_l3,few10,42,10,0.012443151000297803,complete,,,0.2895095957322263,0.21365056764750345,0.0,0.32255981237259035,0.2637883008356546,0.0,1.0,0.6194690265486725,0.14037854889589904,0.011594202898550725,0.6452702702702703,0.291497975708502,0.12589073634204276,0.0689375506893755,,
gabor_svm,few20,42,20,0.002225533999990148,complete,1.0,scale,0.6224864124792855,0.48723988981688354,0.44948497213127386,0.5043935072002208,0.5328690807799443,0.8632286995515696,0.9964580873671782,0.4808259587020649,0.4968454258675079,0.28019323671497587,0.2989864864864865,0.5708502024291497,0.27315914489311166,0.27899432278994324,,
svm_tuned,few20,42,20,0.19739421400026913,complete,1000.0,0.001,0.6730489292595777,0.5644175303812827,0.5256154604335583,0.6077478069282102,0.6015320334261839,0.8094170403587444,0.9787485242030697,0.855457227138643,0.9116719242902208,0.28599033816425123,0.24155405405405406,0.7773279352226721,0.28028503562945367,0.32927818329278186,0.6730489292595777,
nearest_centroid,few20,42,20,0.001784471999599191,complete,,,0.4690087664521934,0.45932016769267414,0.3720523289231732,0.5069943941293337,0.5071030640668523,0.8303437967115097,0.9893742621015348,0.7050147492625368,0.8138801261829653,0.1642512077294686,0.13513513513513514,0.631578947368421,0.17577197149643706,0.11759935117599352,,
pmd_l3,few20,42,20,0.022942501000215998,complete,,,0.286475239841892,0.17462502452596226,0.09876236330416227,0.31274457519159377,0.24331476323119777,0.033632286995515695,1.0,0.9380530973451328,0.11356466876971609,0.02608695652173913,0.6131756756756757,0.05398110661268556,0.011876484560570071,0.024330900243309004,,
gabor_svm,few1,43,1,0.0013698089996978524,complete,1.0,scale,0.3041052699697969,0.21339001071213126,0.0,0.25318798246428753,0.2639275766016713,0.827354260089686,0.0,0.6519174041297935,0.4526813880126183,0.10241545893719807,0.05912162162162162,0.04048582995951417,0.0855106888361045,0.059205190592051905,,
svm_tuned,few1,43,1,0.08296536899979401,complete,0.1,0.0001,0.3041052699697969,0.21339001071213126,0.0,0.25318798246428753,0.2639275766016713,0.827354260089686,0.0,0.6519174041297935,0.4526813880126183,0.10241545893719807,0.05912162162162162,0.04048582995951417,0.0855106888361045,0.059205190592051905,0.3041052699697969,
nearest_centroid,few1,43,1,0.0010918140005742316,complete,,,0.3041052699697969,0.21339001071213126,0.0,0.25318798246428753,0.2639275766016713,0.827354260089686,0.0,0.6519174041297935,0.4526813880126183,0.10241545893719807,0.05912162162162162,0.04048582995951417,0.0855106888361045,0.059205190592051905,,
pmd_l3,few1,43,1,,undefined,,,,,,,,,,,,,,,,,,IndexError: tuple index out of range
gabor_svm,few2,43,2,0.0011508080006024102,complete,1.0,scale,0.33720314356852493,0.2070733661793209,0.14498118606209018,0.20635318207385628,0.2232590529247911,0.5201793721973094,0.12514757969303425,0.18584070796460178,0.48738170347003157,0.07246376811594203,0.060810810810810814,0.2793522267206478,0.05463182897862233,0.07137064071370641,,
svm_tuned,few2,43,2,0.08613667100053135,complete,10.0,0.1,0.38390996731852534,0.2272674550924072,0.17776693069547933,0.25915302927478184,0.2575208913649025,0.3094170403587444,0.5997638724911453,0.11504424778761062,0.37381703470031546,0.0647342995169082,0.048986486486486486,0.5168690958164642,0.2494061757719715,0.054339010543390104,0.38390996731852534,
nearest_centroid,few2,43,2,0.0009590979998392868,complete,,,0.3021169746571015,0.17912055447861167,0.0,0.19828861536414932,0.18133704735376044,0.33482810164424515,0.0,0.39233038348082594,0.5047318611987381,0.02705314009661836,0.08783783783783784,0.30364372469635625,0.0855106888361045,0.04866180048661801,,
pmd_l3,few2,43,2,0.005194274999666959,complete,,,0.17353434245552302,0.08334708927856158,0.0,0.127644054283342,0.1,0.0,0.0,0.09144542772861357,0.18454258675078863,0.0,0.0,0.5897435897435898,0.2660332541567696,0.0170316301703163,,
gabor_svm,few5,43,5,0.0013283480002428405,complete,1.0,scale,0.46387007240336975,0.41343193768610725,0.2603081047705306,0.4516008509501899,0.5062674094707521,0.85949177877429,0.987012987012987,0.09144542772861357,0.8454258675078864,0.15169082125603864,0.06418918918918919,0.7881241565452092,0.047505938242280284,0.22952149229521493,,
svm_tuned,few5,43,5,0.10446665299969027,complete,0.1,0.1,0.502548987344125,0.4278388989866459,0.3214754937559522,0.4521799026485561,0.49345403899721446,0.7638266068759342,0.9681227863046045,0.12979351032448377,0.8186119873817035,0.21642512077294687,0.1891891891891892,0.7017543859649122,0.08076009501187649,0.20113544201135442,0.502548987344125,
nearest_centroid,few5,43,5,0.0010966390000248794,complete,,,0.45789139374824966,0.4176606110504094,0.28482345376432955,0.45462567731740244,0.49442896935933145,0.9364723467862481,0.9929161747343566,0.1710914454277286,0.7917981072555205,0.11690821256038647,0.06587837837837837,0.7341430499325237,0.19239904988123516,0.09002433090024331,,
pmd_l3,few5,43,5,0.010075555000184977,complete,,,0.29294335259781085,0.19248289040330585,0.0,0.27887250325625024,0.26114206128133705,0.0,1.0,0.035398230088495575,0.7476340694006309,0.0,0.07939189189189189,0.4008097165991903,0.13064133016627077,0.11597729115977291,,
gabor_svm,few10,43,10,0.0016722740001569036,complete,1.0,scale,0.5585000371659307,0.46844804639530657,0.3703747051926447,0.48296062984084415,0.531058495821727,0.8527653213751868,0.9787485242030697,0.1415929203539823,0.7129337539432177,0.35555555555555557,0.19932432432432431,0.766531713900135,0.15914489311163896,0.18004866180048662,,
svm_tuned,few10,43,10,0.13582840200069768,complete,100.0,0.001,0.5892098426400687,0.497800757499722,0.39283510501404123,0.5228837005056591,0.5449860724233984,0.8340807174887892,0.9917355371900827,0.3952802359882006,0.8517350157728707,0.3545893719806763,0.13006756756756757,0.8475033738191633,0.19714964370546317,0.10381184103811841,0.5892098426400687,
nearest_centroid,few10,43,10,0.0010390999996161554,complete,,,0.47934581508815377,0.4406147193450119,0.34160587469913706,0.4792600228288851,0.5108635097493036,0.9304932735426009,0.9940968122786304,0.2743362831858407,0.7018927444794952,0.2763285024154589,0.16385135135135134,0.6680161943319838,0.2589073634204275,0.0454176804541768,,
pmd_l3,few10,43,10,0.013403966000623768,complete,,,0.33844633228540366,0.256557732921562,0.0,0.3479363105324174,0.31100278551532035,0.004484304932735426,1.0,0.27728613569321536,0.8958990536277602,0.0,0.33614864864864863,0.2145748987854251,0.16864608076009502,0.23438767234387672,,
gabor_svm,few20,43,20,0.0021422070003609406,complete,1.0,scale,0.6139721497630863,0.5102983885221043,0.4299716553886008,0.5275814577845864,0.5651810584958217,0.8557548579970105,0.974025974025974,0.25663716814159293,0.7539432176656151,0.4444444444444444,0.28885135135135137,0.8326585695006747,0.18052256532066507,0.16139497161394972,,
svm_tuned,few20,43,20,0.1912681080002585,complete,100.0,0.01,0.6744223923751165,0.5632133501036064,0.49418607537607323,0.5795134738272707,0.6227019498607242,0.8931240657698056,0.9858323494687131,0.31268436578171094,0.8722397476340694,0.5323671497584541,0.30236486486486486,0.844804318488529,0.19239904988123516,0.2798053527980535,0.6744223923751165,
nearest_centroid,few20,43,20,0.0010759150000012596,complete,,,0.5129049027661883,0.44506306209913354,0.32431608358907854,0.4852556385899372,0.5218662952646239,0.9282511210762332,0.9952774498229043,0.2861356932153392,0.805993690851735,0.30434782608695654,0.10641891891891891,0.7408906882591093,0.14726840855106887,0.05271695052716951,,
pmd_l3,few20,43,20,0.02180091500031267,complete,,,0.36956411046301174,0.28921796649577936,0.0,0.3690507136082035,0.3430362116991644,0.0,1.0,0.07669616519174041,0.8580441640378549,0.000966183574879227,0.27533783783783783,0.6059379217273954,0.2327790973871734,0.27169505271695055,,
gabor_svm,few1,44,1,0.0013012710005568806,complete,1.0,scale,0.3064020206922986,0.2539090457639015,0.0,0.2704681043611706,0.3108635097493036,0.6875934230194319,0.0,0.07669616519174041,0.7413249211356467,0.314975845410628,0.18412162162162163,0.08636977058029689,0.13064133016627077,0.21248986212489862,,
svm_tuned,few1,44,1,0.08452512899930298,complete,0.1,0.0001,0.3064020206922986,0.2539090457639015,0.0,0.2704681043611706,0.3108635097493036,0.6875934230194319,0.0,0.07669616519174041,0.7413249211356467,0.314975845410628,0.18412162162162163,0.08636977058029689,0.13064133016627077,0.21248986212489862,0.3064020206922986,
nearest_centroid,few1,44,1,0.0010663579996617045,complete,,,0.3064020206922986,0.2539090457639015,0.0,0.2704681043611706,0.3108635097493036,0.6875934230194319,0.0,0.07669616519174041,0.7413249211356467,0.314975845410628,0.18412162162162163,0.08636977058029689,0.13064133016627077,0.21248986212489862,,
pmd_l3,few1,44,1,,undefined,,,,,,,,,,,,,,,,,,IndexError: tuple index out of range
gabor_svm,few2,44,2,0.0010968480000883574,complete,1.0,scale,0.3249309967870361,0.26186114875524336,0.19506341471418256,0.2673248042830571,0.3261838440111421,0.7107623318385651,0.1487603305785124,0.10914454277286136,0.5283911671924291,0.14492753623188406,0.08108108108108109,0.10661268556005399,0.1163895486935867,0.45985401459854014,,
svm_tuned,few2,44,2,0.08749300799991033,complete,1000.0,0.001,0.38969661633308356,0.328579148217506,0.2541323164193782,0.3488127609976457,0.36643454038997214,0.7361733931240658,0.2727272727272727,0.30973451327433627,0.9716088328075709,0.221256038647343,0.1570945945945946,0.04723346828609987,0.22802850356294538,0.1954582319545823,0.38969661633308356,
nearest_centroid,few2,44,2,0.0011228260000279988,complete,,,0.3476054138617409,0.2818354807888167,0.1978750687406019,0.2972460895012267,0.3573816155988858,0.7914798206278026,0.06847697756788666,0.20648967551622419,0.6419558359621451,0.15265700483091788,0.14864864864864866,0.08636977058029689,0.06413301662707839,0.5150040551500406,,
pmd_l3,few2,44,2,0.005916699000408698,complete,,,0.2652507889105381,0.20621255247885242,0.0,0.2706354638201352,0.25292479108635096,0.01943198804185351,0.9787485242030697,0.2182890855457227,0.015772870662460567,0.07342995169082125,0.6773648648648649,0.0,0.19477434679334918,0.25790754257907544,,
gabor_svm,few5,44,5,0.0013579739998021978,complete,1.0,scale,0.5026405382519947,0.4343251200099733,0.34370006540407994,0.43799998916103966,0.4972144846796657,0.7922272047832586,0.9834710743801653,0.06489675516224189,0.416403785488959,0.36328502415458935,0.14864864864864866,0.44804318488529016,0.3681710213776722,0.35685320356853206,,
svm_tuned,few5,44,5,0.10366446900025039,complete,100.0,0.001,0.5519844207874267,0.4939769182709932,0.39003370697661566,0.5061628812093238,0.5653203342618385,0.8004484304932735,0.9763872491145218,0.14454277286135694,0.9305993690851735,0.3101449275362319,0.10472972972972973,0.5654520917678812,0.21140142517814728,0.5117599351175993,0.5519844207874267,
nearest_centroid,few5,44,5,0.0010194650003541028,complete,,,0.42130048157810024,0.42503885741692915,0.32879245496867626,0.43425846414973823,0.5103064066852367,0.8565022421524664,0.9881936245572609,0.168141592920354,0.38170347003154576,0.28695652173913044,0.07094594594594594,0.18488529014844804,0.3586698337292161,0.6123276561232766,,
pmd_l3,few5,44,5,0.009705469999971683,complete,,,0.30769861815844335,0.23069364212955135,0.14185182987162695,0.29381806388934134,0.2935933147632312,0.03886397608370702,1.0,0.3333333333333333,0.34069400630914826,0.02318840579710145,0.3158783783783784,0.022941970310391364,0.06175771971496437,0.5077047850770479,,
gabor_svm,few10,44,10,0.0016916849999688566,complete,1.0,scale,0.570204592498153,0.4881911404474686,0.36881822902753497,0.4851784958832785,0.5501392757660167,0.8572496263079222,0.9940968122786304,0.12979351032448377,0.7823343848580442,0.4251207729468599,0.15202702702702703,0.5681511470985156,0.1163895486935867,0.34144363341443634,,
svm_tuned,few10,44,10,0.13282183799947234,complete,1000.0,0.0001,0.6129129543060258,0.6438923913218709,0.6014938494868508,0.6617971767999519,0.6969359331476324,0.8736920777279522,0.9929161747343566,0.7551622418879056,0.7902208201892744,0.6231884057971014,0.24493243243243243,0.8124156545209177,0.27078384798099764,0.5928629359286294,0.6129129543060258,
nearest_centroid,few10,44,10,0.0011094629999206518,complete,,,0.47788702575033665,0.46310936459560964,0.380023640943392,0.5121774196794722,0.5391364902506964,0.9035874439461884,0.9976387249114522,0.7020648967551623,0.7082018927444795,0.3188405797101449,0.05574324324324324,0.5006747638326585,0.1543942992874109,0.2684509326845093,,
pmd_l3,few10,44,10,0.012928238999847963,complete,,,0.32186359706514406,0.2003616386808307,0.11187446723486238,0.2817407304901672,0.23454038997214485,0.08221225710014948,1.0,0.696165191740413,0.49053627760252366,0.024154589371980676,0.015202702702702704,0.04183535762483131,0.14014251781472684,0.0454176804541768,,
gabor_svm,few20,44,20,0.002263735000269662,complete,1.0,scale,0.5798848292526732,0.4265348129452681,0.3304812231150893,0.41265070590839525,0.46754874651810585,0.9192825112107623,0.9964580873671782,0.18584070796460178,0.47003154574132494,0.2753623188405797,0.18412162162162163,0.25371120107962214,0.2327790973871734,0.19626926196269262,,
svm_tuned,few20,44,20,0.19449565400009305,complete,1000.0,0.001,0.6485099033758762,0.6529296244406599,0.598300543177592,0.6560879859045508,0.7213091922005571,0.9095665171898356,0.9940968122786304,0.3687315634218289,0.9022082018927445,0.714975845410628,0.3141891891891892,0.7341430499325237,0.29453681710213775,0.6723438767234388,0.6485099033758762,
nearest_centroid,few20,44,20,0.0010528230004638317,complete,,,0.4977078220140234,0.3949948496684555,0.25659671674209095,0.4589981140145592,0.4732590529247911,0.9013452914798207,0.9976387249114522,0.6814159292035398,0.7255520504731862,0.28888888888888886,0.011824324324324325,0.25371120107962214,0.21140142517814728,0.059205190592051905,,
pmd_l3,few20,44,20,0.02210171899969282,complete,,,0.4146047285421215,0.2596546672616854,0.19642384924836084,0.30644544204546276,0.2871866295264624,0.17040358744394618,1.0,0.4365781710914454,0.5583596214511041,0.033816425120772944,0.09628378378378379,0.19973009446693657,0.09738717339667459,0.1654501216545012,,
gabor_svm,few1,45,1,0.0013997189998917747,complete,1.0,scale,0.366018511766328,0.3415205674132234,0.2195485656918847,0.3535635094399321,0.4137883008356546,0.8542600896860987,0.9940968122786304,0.12389380530973451,0.3832807570977918,0.20772946859903382,0.03209459459459459,0.3643724696356275,0.09501187648456057,0.1273317112733171,,
svm_tuned,few1,45,1,0.08362080000006245,complete,0.1,0.0001,0.366018511766328,0.3415205674132234,0.2195485656918847,0.3535635094399321,0.4137883008356546,0.8542600896860987,0.9940968122786304,0.12389380530973451,0.3832807570977918,0.20772946859903382,0.03209459459459459,0.3643724696356275,0.09501187648456057,0.1273317112733171,0.366018511766328,
nearest_centroid,few1,45,1,0.0011234699995839037,complete,,,0.366018511766328,0.3415205674132234,0.2195485656918847,0.3535635094399321,0.4137883008356546,0.8542600896860987,0.9940968122786304,0.12389380530973451,0.3832807570977918,0.20772946859903382,0.03209459459459459,0.3643724696356275,0.09501187648456057,0.1273317112733171,,
pmd_l3,few1,45,1,,undefined,,,,,,,,,,,,,,,,,,IndexError: tuple index out of range
gabor_svm,few2,45,2,0.0011848069998450228,complete,1.0,scale,0.38963278585539984,0.4078131548180029,0.3092359465317048,0.4350190289695829,0.4649025069637883,0.9043348281016442,0.9976387249114522,0.49852507374631266,0.48264984227129337,0.24154589371980675,0.05405405405405406,0.41970310391363025,0.2161520190023753,0.10056772100567721,,
svm_tuned,few2,45,2,0.08831489099975443,complete,1.0,0.1,0.4236263696006215,0.39527415509361896,0.2920458465416397,0.4379074854371194,0.4632311977715877,0.914050822122571,0.9893742621015348,0.504424778761062,0.5236593059936908,0.21545893719806763,0.033783783783783786,0.4156545209176788,0.26365795724465557,0.08110300081103,0.4236263696006215,
nearest_centroid,few2,45,2,0.0009851559998423909,complete,,,0.3428310629942542,0.3336784530383028,0.0,0.37115921008319286,0.42298050139275767,0.827354260089686,0.9976387249114522,0.0,0.49369085173501576,0.18937198067632852,0.14189189189189189,0.5344129554655871,0.1187648456057007,0.0373073803730738,,
pmd_l3,few2,45,2,0.005309942999701889,complete,,,0.23253155466336184,0.22242027328350644,0.0,0.32692394634342214,0.2667130919220056,0.07847533632286996,0.9881936245572609,0.7079646017699115,0.9637223974763407,0.002898550724637681,0.16554054054054054,0.018893387314439947,0.0166270783847981,0.0,,
gabor_svm,few5,45,5,0.0013670570006070193,complete,1.0,scale,0.46475101794396345,0.35503117440848836,0.2528691790967123,0.3762355544595369,0.42994428969359333,0.9372197309417041,0.9905548996458088,0.16224188790560473,0.4384858044164038,0.18937198067632852,0.13513513513513514,0.3535762483130904,0.12114014251781473,0.058394160583941604,,
svm_tuned,few5,45,5,0.10381675999997242,complete,100.0,0.01,0.4996506496260178,0.40855440958133143,0.29596369606307166,0.45757979151582084,0.47298050139275766,0.9506726457399103,0.9752066115702479,0.6076696165191741,0.5220820189274448,0.1642512077294686,0.23648648648648649,0.48717948717948717,0.1543942992874109,0.0202757502027575,0.4996506496260178,
nearest_centroid,few5,45,5,0.0011443319999671075,complete,,,0.44406085832485315,0.3232867366733429,0.19912341377856999,0.3480982760940884,0.4093314763231198,0.9573991031390134,0.9940968122786304,0.06489675516224189,0.416403785488959,0.13140096618357489,0.10135135135135136,0.31983805668016196,0.10451306413301663,0.042984590429845905,,
pmd_l3,few5,45,5,0.009819003000302473,complete,,,0.14706369468274227,0.12883386604453534,0.0,0.223021860470015,0.16754874651810586,0.0037369207772795215,1.0,0.9646017699115044,0.01892744479495268,0.0,0.018581081081081082,0.001349527665317139,0.0,0.0,,
gabor_svm,few10,45,10,0.001576028999807022,complete,1.0,scale,0.5506019007040889,0.44804508186759684,0.38490335035502476,0.48366125145972444,0.5082172701949861,0.8946188340807175,0.987012987012987,0.5693215339233039,0.6750788643533123,0.32463768115942027,0.10641891891891891,0.3832658569500675,0.24228028503562946,0.170316301703163,,
svm_tuned,few10,45,10,0.13920554600008472,complete,100.0,0.01,0.6212784134102851,0.5200963458817337,0.5044726719175152,0.5487418543795114,0.5540389972144847,0.6180866965620329,0.9693034238488784,0.7020648967551623,0.6750788643533123,0.5545893719806764,0.2195945945945946,0.4993252361673414,0.33729216152019004,0.3633414436334144,0.6212784134102851,
nearest_centroid,few10,45,10,0.0011414760001571267,complete,,,0.4917448785813,0.3991094895787988,0.32790057750656937,0.44879833702589406,0.46768802228412254,0.9446935724962631,0.9940968122786304,0.672566371681416,0.38958990536277605,0.26859903381642514,0.10472972972972973,0.3076923076923077,0.2850356294536817,0.07218167072181671,,
pmd_l3,few10,45,10,0.014077026000450132,complete,,,0.16581865392920536,0.10078224459617294,0.0,0.23324880979324203,0.17715877437325905,0.026158445440956652,1.0,0.9587020648967551,0.03470031545741325,0.0,0.02195945945945946,0.001349527665317139,0.0498812351543943,0.006488240064882401,,
gabor_svm,few20,45,20,0.0026620920007189852,complete,1.0,scale,0.5862257749930503,0.5100935605138618,0.4752924738297812,0.5252917558967268,0.5614206128133705,0.9020926756352765,0.9834710743801653,0.56047197640118,0.5410094637223974,0.3719806763285024,0.2516891891891892,0.446693657219973,0.28741092636579574,0.38280616382806165,,
svm_tuned,few20,45,20,0.21659428199927788,complete,100.0,0.01,0.6810471431546872,0.6238668894987941,0.5991020311964971,0.6305920715922578,0.672841225626741,0.7772795216741405,0.9716646989374262,0.4896755162241888,0.7681388012618297,0.633816425120773,0.3141891891891892,0.6437246963562753,0.4085510688836104,0.6682887266828873,0.6810471431546872,
nearest_centroid,few20,45,20,0.0011773229998652823,complete,,,0.4940715863840951,0.4223361103890663,0.3484399490088645,0.44159039169773334,0.4853760445682451,0.9170403587443946,0.987012987012987,0.20058997050147492,0.6766561514195584,0.2995169082125604,0.1891891891891892,0.30364372469635625,0.2660332541567696,0.13463098134630982,,
pmd_l3,few20,45,20,0.02339907899931859,complete,,,0.20415937949910168,0.10153324187422877,0.0,0.23204838036146747,0.1796657381615599,0.043348281016442454,1.0,0.9528023598820059,0.025236593059936908,0.020289855072463767,0.011824324324324325,0.0,0.030878859857482184,0.0040551500405515,,
gabor_svm,few1,46,1,0.0016795269993963302,complete,1.0,scale,0.3853844857383356,0.34410296653293354,0.0,0.34721775552708634,0.3796657381615599,0.4342301943198804,0.9563164108618654,0.35693215339233036,0.47791798107255523,0.293719806763285,0.0,0.15519568151147098,0.07838479809976247,0.3722627737226277,,
svm_tuned,few1,46,1,0.09205653800017899,complete,0.1,0.0001,0.3853844857383356,0.34410296653293354,0.0,0.34721775552708634,0.3796657381615599,0.4342301943198804,0.9563164108618654,0.35693215339233036,0.47791798107255523,0.293719806763285,0.0,0.15519568151147098,0.07838479809976247,0.3722627737226277,0.3853844857383356,
nearest_centroid,few1,46,1,0.00133490099960909,complete,,,0.3853844857383356,0.34410296653293354,0.0,0.34721775552708634,0.3796657381615599,0.4342301943198804,0.9563164108618654,0.35693215339233036,0.47791798107255523,0.293719806763285,0.0,0.15519568151147098,0.07838479809976247,0.3722627737226277,,
pmd_l3,few1,46,1,,undefined,,,,,,,,,,,,,,,,,,IndexError: tuple index out of range
gabor_svm,few2,46,2,0.001577539999743749,complete,1.0,scale,0.44186324082732253,0.3564268155907088,0.22656671283076357,0.374676995511944,0.4384401114206128,0.8819133034379671,0.9846517119244392,0.0855457227138643,0.48580441640378547,0.2743961352657005,0.02364864864864865,0.3643724696356275,0.13064133016627077,0.1411192214111922,,
svm_tuned,few2,46,2,0.0916444260001299,complete,10.0,0.01,0.4963777777041436,0.40779098977008216,0.2751821305092882,0.41602433355384183,0.48676880222841223,0.8639760837070254,0.9752066115702479,0.16519174041297935,0.4842271293375394,0.3217391304347826,0.04560810810810811,0.5263157894736842,0.057007125890736345,0.30494728304947283,0.4963777777041436,
nearest_centroid,few2,46,2,0.0010581080005067633,complete,,,0.45558922760364556,0.41447117024980673,0.28432978134503156,0.43767701013256816,0.4788300835654596,0.85949177877429,0.9763872491145218,0.2536873156342183,0.7097791798107256,0.2579710144927536,0.052364864864864864,0.6356275303643725,0.1021377672209026,0.09164639091646391,,
pmd_l3,few2,46,2,0.006178577999889967,complete,,,0.19075199104737323,0.14560127719109328,0.0,0.22298138484649643,0.2233983286908078,0.08893871449925261,1.0,0.10324483775811209,0.0,0.0,0.3260135135135135,0.3873144399460189,0.0023752969121140144,0.0989456609894566,,
gabor_svm,few5,46,5,0.0015019699994809343,complete,1.0,scale,0.473338711269187,0.450608491880078,0.3785971387329049,0.45266376509696904,0.5098885793871867,0.8482810164424515,0.9787485242030697,0.14454277286135694,0.46214511041009465,0.2599033816425121,0.34290540540540543,0.5033738191632928,0.1828978622327791,0.35117599351175993,,
svm_tuned,few5,46,5,0.1111335429995961,complete,10.0,0.1,0.5492984309287149,0.46897970374974196,0.41598751909296594,0.46814129638989743,0.5146239554317549,0.7346786248131539,0.9645808736717828,0.168141592920354,0.31545741324921134,0.43285024154589374,0.3783783783783784,0.562753036437247,0.32066508313539194,0.3357664233576642,0.5492984309287149,
nearest_centroid,few5,46,5,0.0010993320001944085,complete,,,0.4132319470569268,0.4459867930986663,0.3672617497834387,0.45759274838606995,0.49735376044568247,0.7488789237668162,0.9893742621015348,0.22713864306784662,0.4242902208201893,0.12270531400966184,0.40202702702702703,0.7165991902834008,0.1377672209026128,0.3495539334955393,,
pmd_l3,few5,46,5,0.009949640000741056,complete,,,0.17769070778319074,0.18272110430563668,0.0,0.26058440496481855,0.24860724233983286,0.0007473841554559044,1.0,0.12684365781710916,0.006309148264984227,0.26956521739130435,0.6097972972972973,0.32388663967611336,0.0,0.008110300081103,,
gabor_svm,few10,46,10,0.0019024350003746804,complete,1.0,scale,0.5606303985387271,0.49144961794739334,0.40779712334531065,0.4981357348062569,0.5601671309192201,0.8385650224215246,0.9964580873671782,0.15339233038348082,0.4227129337539432,0.3207729468599034,0.41216216216216217,0.7827260458839406,0.13064133016627077,0.4257907542579075,,
svm_tuned,few10,46,10,0.14224152699989645,complete,100.0,0.001,0.608530605661872,0.555602399379111,0.47834700349099174,0.5587457955151817,0.6137883008356546,0.8490284005979073,0.9846517119244392,0.20058997050147492,0.7476340694006309,0.4454106280193237,0.32263513513513514,0.8502024291497976,0.1995249406175772,0.42903487429034876,0.608530605661872,
nearest_centroid,few10,46,10,0.00115204600024299,complete,,,0.42594587944975837,0.5200652864825874,0.4501865763603098,0.5306089716239171,0.5569637883008357,0.7937219730941704,0.9905548996458088,0.4306784660766962,0.7523659305993691,0.15845410628019324,0.3547297297297297,0.7017543859649122,0.18527315914489312,0.40794809407948096,,
pmd_l3,few10,46,10,0.014011492999998154,complete,,,0.34398043510572907,0.2259875062918369,0.13416435332998103,0.2712372356018888,0.26615598885793873,0.08594917787742899,1.0,0.22418879056047197,0.11041009463722397,0.34396135265700484,0.4594594594594595,0.1767881241565452,0.007125890736342043,0.0332522303325223,,
gabor_svm,few20,46,20,0.0033613929999773973,complete,1.0,scale,0.6001011937679079,0.4724305651210725,0.3668459352026768,0.4801518014431032,0.5384401114206128,0.8445440956651719,0.9976387249114522,0.058997050147492625,0.4952681388012618,0.3884057971014493,0.2702702702702703,0.7746288798920378,0.22802850356294538,0.2635847526358475,,
svm_tuned,few20,46,20,0.21775110500038863,complete,1000.0,0.001,0.680795320698906,0.5758032620638347,0.5245320947481042,0.5874451598395486,0.6232590529247911,0.6846038863976084,0.9929161747343566,0.3834808259587021,0.8675078864353313,0.5603864734299517,0.23141891891891891,0.8218623481781376,0.25415676959619954,0.4906731549067315,0.680795320698906,
nearest_centroid,few20,46,20,0.0012085920006938977,complete,,,0.48597091529513403,0.4571647445325832,0.3401801748251064,0.5259251618176035,0.5263231197771587,0.8923766816143498,0.9893742621015348,0.7168141592920354,0.8690851735015773,0.10821256038647344,0.04560810810810811,0.7516869095816464,0.23040380047505937,0.129764801297648,,
pmd_l3,few20,46,20,0.023966187000041828,complete,,,0.351455396489491,0.2525748108340129,0.0,0.3387042821794448,0.305849582172702,0.030642750373692077,1.0,0.13274336283185842,0.6451104100946372,0.19710144927536233,0.8581081081081081,0.17408906882591094,0.0,0.010543390105433901,,
