method,scenario,seed,images_per_class,fit_seconds,status,C,gamma,val_macro_f1,macro_f1,multiclass_gmean,balanced_accuracy,accuracy,recall_ADI,recall_BACK,recall_DEB,recall_LYM,recall_MUC,recall_MUS,recall_NORM,recall_STR,recall_TUM,selection_val_macro_f1,error,epochs
gabor_svm,few1,42,1.0,0.0190309680001519,complete,1.0,scale,0.370214530844392,0.3457241116483228,0.2286168522781698,0.3805931395068825,0.407242339832869,0.9162929745889388,0.8819362455726092,0.504424778761062,0.5441640378548895,0.0657004830917874,0.2820945945945945,0.0580296896086369,0.0688836104513064,0.1038118410381184,,,
svm_tuned,few1,42,1.0,0.0810903110004801,complete,0.1,0.0001,0.370214530844392,0.3457241116483228,0.2286168522781698,0.3805931395068825,0.407242339832869,0.9162929745889388,0.8819362455726092,0.504424778761062,0.5441640378548895,0.0657004830917874,0.2820945945945945,0.0580296896086369,0.0688836104513064,0.1038118410381184,0.370214530844392,,
nearest_centroid,few1,42,1.0,0.0031542449996777,complete,,,0.370214530844392,0.3457241116483228,0.2286168522781698,0.3805931395068825,0.407242339832869,0.9162929745889388,0.8819362455726092,0.504424778761062,0.5441640378548895,0.0657004830917874,0.2820945945945945,0.0580296896086369,0.0688836104513064,0.1038118410381184,,,
gabor_svm,few2,42,2.0,0.0011426729997765,complete,1.0,scale,0.3640978443611213,0.3153602876851402,0.2023237867712106,0.3255156687871265,0.3346796657381615,0.914050822122571,0.2916174734356552,0.4749262536873156,0.2807570977917981,0.0898550724637681,0.2989864864864865,0.0134952766531713,0.4726840855106888,0.0932684509326845,,,
svm_tuned,few2,42,2.0,0.0851672669996332,complete,1000.0,0.001,0.4468629000259796,0.4313686841363499,0.3283112723924266,0.4540458075782614,0.4913649025069638,0.936472346786248,0.9055489964580874,0.5162241887905604,0.6514195583596214,0.0492753623188405,0.1841216216216216,0.3414304993252361,0.1377672209026128,0.3641524736415247,0.4468629000259796,,
nearest_centroid,few2,42,2.0,0.0010793209994517,complete,,,0.3867595626311109,0.2627761462941214,0.1690374467128136,0.2889293288473414,0.3052924791086351,0.9020926756352764,0.024793388429752,0.5132743362831859,0.5205047318611987,0.0483091787439613,0.2128378378378378,0.0931174089068826,0.168646080760095,0.1167883211678832,,,
pmd_l3,few2,42,2.0,0.0093754420004188,complete,,,0.1969648280636086,0.21314330283409,0.0,0.2676482664686637,0.2410863509749303,0.1375186846038864,0.9976387249114522,0.696165191740413,0.0220820189274447,0.2357487922705314,0.0,0.2294197031039136,0.0902612826603325,0.0,,,
gabor_svm,few5,42,5.0,0.0014484210005321,complete,1.0,scale,0.5126964187150724,0.3966041654175156,0.3001570457273588,0.4226001271647117,0.4565459610027855,0.9005979073243647,0.9716646989374262,0.584070796460177,0.3659305993690852,0.1951690821256038,0.1064189189189189,0.4534412955465587,0.0736342042755344,0.1524736415247364,,,
svm_tuned,few5,42,5.0,0.1029473410007995,complete,10.0,0.01,0.5224546134122524,0.4414995535287969,0.3186039225441678,0.4834868726746975,0.5080779944289694,0.9050822122571002,0.9763872491145218,0.6460176991150443,0.5141955835962145,0.2260869565217391,0.0760135135135135,0.8178137651821862,0.0665083135391924,0.1232765612327656,0.5224546134122524,,
nearest_centroid,few5,42,5.0,0.0010335750002923,complete,,,0.4065831116782754,0.3483688895549374,0.2654657465258753,0.384573403741193,0.3940111420612813,0.8819133034379671,0.3105076741440378,0.6755162241887905,0.3753943217665615,0.1275362318840579,0.0557432432432432,0.7543859649122807,0.1852731591448931,0.0948905109489051,,,
pmd_l3,few5,42,5.0,0.010749535999821,complete,,,0.1971597072511909,0.1427590664235449,0.0,0.2321696854165883,0.1981894150417827,0.0014947683109118,1.0,0.4306784660766962,0.0662460567823343,0.0260869565217391,0.3699324324324324,0.1808367071524966,0.014251781472684,0.0,,,
gabor_svm,few10,42,10.0,0.0015781680003783,complete,1.0,scale,0.5265976907571335,0.3969172237819171,0.3029930628324226,0.3951349280663311,0.4590529247910863,0.8871449925261584,0.9681227863046044,0.0737463126843657,0.3990536277602524,0.272463768115942,0.1858108108108108,0.2753036437246963,0.2399049881235154,0.2546634225466342,,,
svm_tuned,few10,42,10.0,0.1286154970002826,complete,1000.0,0.001,0.6071889667200352,0.4731193980407828,0.4039076079430533,0.5037562391461714,0.5093314763231198,0.7683109118086696,0.92443919716647,0.4572271386430678,0.8675078864353313,0.2077294685990338,0.1148648648648648,0.6518218623481782,0.3610451306413301,0.1808596918085969,0.6071889667200352,,
nearest_centroid,few10,42,10.0,0.0010988690000885,complete,,,0.4607604322282118,0.4219400338040502,0.3416959778106976,0.4603670433231819,0.4681058495821727,0.9020926756352764,0.8559622195985832,0.6371681415929203,0.5930599369085173,0.1352657004830917,0.1081081081081081,0.5276653171390013,0.2850356294536817,0.0989456609894566,,,
pmd_l3,few10,42,10.0,0.0124431510002978,complete,,,0.2895095957322263,0.2136505676475034,0.0,0.3225598123725903,0.2637883008356546,0.0,1.0,0.6194690265486725,0.140378548895899,0.0115942028985507,0.6452702702702703,0.291497975708502,0.1258907363420427,0.0689375506893755,,,
gabor_svm,few20,42,20.0,0.0022255339999901,complete,1.0,scale,0.6224864124792855,0.4872398898168835,0.4494849721312738,0.5043935072002208,0.5328690807799443,0.8632286995515696,0.9964580873671782,0.4808259587020649,0.4968454258675079,0.2801932367149758,0.2989864864864865,0.5708502024291497,0.2731591448931116,0.2789943227899432,,,
svm_tuned,few20,42,20.0,0.1973942140002691,complete,1000.0,0.001,0.6730489292595777,0.5644175303812827,0.5256154604335583,0.6077478069282102,0.6015320334261839,0.8094170403587444,0.9787485242030696,0.855457227138643,0.9116719242902208,0.2859903381642512,0.241554054054054,0.7773279352226721,0.2802850356294536,0.3292781832927818,0.6730489292595777,,
nearest_centroid,few20,42,20.0,0.0017844719995991,complete,,,0.4690087664521934,0.4593201676926741,0.3720523289231732,0.5069943941293337,0.5071030640668523,0.8303437967115097,0.9893742621015348,0.7050147492625368,0.8138801261829653,0.1642512077294686,0.1351351351351351,0.631578947368421,0.175771971496437,0.1175993511759935,,,
pmd_l3,few20,42,20.0,0.0229425010002159,complete,,,0.286475239841892,0.1746250245259622,0.0987623633041622,0.3127445751915937,0.2433147632311977,0.0336322869955156,1.0,0.9380530973451328,0.113564668769716,0.0260869565217391,0.6131756756756757,0.0539811066126855,0.01187648456057,0.024330900243309,,,
gabor_svm,few1,43,1.0,0.0013698089996978,complete,1.0,scale,0.3041052699697969,0.2133900107121312,0.0,0.2531879824642875,0.2639275766016713,0.827354260089686,0.0,0.6519174041297935,0.4526813880126183,0.102415458937198,0.0591216216216216,0.0404858299595141,0.0855106888361045,0.0592051905920519,,,
svm_tuned,few1,43,1.0,0.082965368999794,complete,0.1,0.0001,0.3041052699697969,0.2133900107121312,0.0,0.2531879824642875,0.2639275766016713,0.827354260089686,0.0,0.6519174041297935,0.4526813880126183,0.102415458937198,0.0591216216216216,0.0404858299595141,0.0855106888361045,0.0592051905920519,0.3041052699697969,,
nearest_centroid,few1,43,1.0,0.0010918140005742,complete,,,0.3041052699697969,0.2133900107121312,0.0,0.2531879824642875,0.2639275766016713,0.827354260089686,0.0,0.6519174041297935,0.4526813880126183,0.102415458937198,0.0591216216216216,0.0404858299595141,0.0855106888361045,0.0592051905920519,,,
gabor_svm,few2,43,2.0,0.0011508080006024,complete,1.0,scale,0.3372031435685249,0.2070733661793209,0.1449811860620901,0.2063531820738562,0.2232590529247911,0.5201793721973094,0.1251475796930342,0.1858407079646017,0.4873817034700315,0.072463768115942,0.0608108108108108,0.2793522267206478,0.0546318289786223,0.0713706407137064,,,
svm_tuned,few2,43,2.0,0.0861366710005313,complete,10.0,0.1,0.3839099673185253,0.2272674550924072,0.1777669306954793,0.2591530292747818,0.2575208913649025,0.3094170403587444,0.5997638724911453,0.1150442477876106,0.3738170347003154,0.0647342995169082,0.0489864864864864,0.5168690958164642,0.2494061757719715,0.0543390105433901,0.3839099673185253,,
nearest_centroid,few2,43,2.0,0.0009590979998392,complete,,,0.3021169746571015,0.1791205544786116,0.0,0.1982886153641493,0.1813370473537604,0.3348281016442451,0.0,0.3923303834808259,0.5047318611987381,0.0270531400966183,0.0878378378378378,0.3036437246963562,0.0855106888361045,0.048661800486618,,,
pmd_l3,few2,43,2.0,0.0051942749996669,complete,,,0.173534342455523,0.0833470892785615,0.0,0.127644054283342,0.1,0.0,0.0,0.0914454277286135,0.1845425867507886,0.0,0.0,0.5897435897435898,0.2660332541567696,0.0170316301703163,,,
gabor_svm,few5,43,5.0,0.0013283480002428,complete,1.0,scale,0.4638700724033697,0.4134319376861072,0.2603081047705306,0.4516008509501899,0.5062674094707521,0.85949177877429,0.987012987012987,0.0914454277286135,0.8454258675078864,0.1516908212560386,0.0641891891891891,0.7881241565452092,0.0475059382422802,0.2295214922952149,,,
svm_tuned,few5,43,5.0,0.1044666529996902,complete,0.1,0.1,0.502548987344125,0.4278388989866459,0.3214754937559522,0.4521799026485561,0.4934540389972144,0.7638266068759342,0.9681227863046044,0.1297935103244837,0.8186119873817035,0.2164251207729468,0.1891891891891892,0.7017543859649122,0.0807600950118764,0.2011354420113544,0.502548987344125,,
nearest_centroid,few5,43,5.0,0.0010966390000248,complete,,,0.4578913937482496,0.4176606110504094,0.2848234537643295,0.4546256773174024,0.4944289693593314,0.936472346786248,0.9929161747343566,0.1710914454277286,0.7917981072555205,0.1169082125603864,0.0658783783783783,0.7341430499325237,0.1923990498812351,0.0900243309002433,,,
pmd_l3,few5,43,5.0,0.0100755550001849,complete,,,0.2929433525978108,0.1924828904033058,0.0,0.2788725032562502,0.261142061281337,0.0,1.0,0.0353982300884955,0.7476340694006309,0.0,0.0793918918918918,0.4008097165991903,0.1306413301662707,0.1159772911597729,,,
gabor_svm,few10,43,10.0,0.0016722740001569,complete,1.0,scale,0.5585000371659307,0.4684480463953065,0.3703747051926447,0.4829606298408441,0.531058495821727,0.8527653213751868,0.9787485242030696,0.1415929203539823,0.7129337539432177,0.3555555555555555,0.1993243243243243,0.766531713900135,0.1591448931116389,0.1800486618004866,,,
svm_tuned,few10,43,10.0,0.1358284020006976,complete,100.0,0.001,0.5892098426400687,0.497800757499722,0.3928351050140412,0.5228837005056591,0.5449860724233984,0.8340807174887892,0.9917355371900828,0.3952802359882006,0.8517350157728707,0.3545893719806763,0.1300675675675675,0.8475033738191633,0.1971496437054631,0.1038118410381184,0.5892098426400687,,
nearest_centroid,few10,43,10.0,0.0010390999996161,complete,,,0.4793458150881537,0.4406147193450119,0.341605874699137,0.4792600228288851,0.5108635097493036,0.9304932735426008,0.9940968122786304,0.2743362831858407,0.7018927444794952,0.2763285024154589,0.1638513513513513,0.6680161943319838,0.2589073634204275,0.0454176804541768,,,
pmd_l3,few10,43,10.0,0.0134039660006237,complete,,,0.3384463322854036,0.256557732921562,0.0,0.3479363105324174,0.3110027855153203,0.0044843049327354,1.0,0.2772861356932153,0.8958990536277602,0.0,0.3361486486486486,0.2145748987854251,0.168646080760095,0.2343876723438767,,,
gabor_svm,few20,43,20.0,0.0021422070003609,complete,1.0,scale,0.6139721497630863,0.5102983885221043,0.4299716553886008,0.5275814577845864,0.5651810584958217,0.8557548579970105,0.974025974025974,0.2566371681415929,0.7539432176656151,0.4444444444444444,0.2888513513513513,0.8326585695006747,0.180522565320665,0.1613949716139497,,,
svm_tuned,few20,43,20.0,0.1912681080002585,complete,100.0,0.01,0.6744223923751165,0.5632133501036064,0.4941860753760732,0.5795134738272707,0.6227019498607242,0.8931240657698056,0.9858323494687132,0.3126843657817109,0.8722397476340694,0.5323671497584541,0.3023648648648648,0.844804318488529,0.1923990498812351,0.2798053527980535,0.6744223923751165,,
nearest_centroid,few20,43,20.0,0.0010759150000012,complete,,,0.5129049027661883,0.4450630620991335,0.3243160835890785,0.4852556385899372,0.5218662952646239,0.9282511210762332,0.9952774498229044,0.2861356932153392,0.805993690851735,0.3043478260869565,0.1064189189189189,0.7408906882591093,0.1472684085510688,0.0527169505271695,,,
pmd_l3,few20,43,20.0,0.0218009150003126,complete,,,0.3695641104630117,0.2892179664957793,0.0,0.3690507136082035,0.3430362116991644,0.0,1.0,0.0766961651917404,0.8580441640378549,0.0009661835748792,0.2753378378378378,0.6059379217273954,0.2327790973871734,0.2716950527169505,,,
gabor_svm,few1,44,1.0,0.0013012710005568,complete,1.0,scale,0.3064020206922986,0.2539090457639015,0.0,0.2704681043611706,0.3108635097493036,0.6875934230194319,0.0,0.0766961651917404,0.7413249211356467,0.314975845410628,0.1841216216216216,0.0863697705802968,0.1306413301662707,0.2124898621248986,,,
svm_tuned,few1,44,1.0,0.0845251289993029,complete,0.1,0.0001,0.3064020206922986,0.2539090457639015,0.0,0.2704681043611706,0.3108635097493036,0.6875934230194319,0.0,0.0766961651917404,0.7413249211356467,0.314975845410628,0.1841216216216216,0.0863697705802968,0.1306413301662707,0.2124898621248986,0.3064020206922986,,
nearest_centroid,few1,44,1.0,0.0010663579996617,complete,,,0.3064020206922986,0.2539090457639015,0.0,0.2704681043611706,0.3108635097493036,0.6875934230194319,0.0,0.0766961651917404,0.7413249211356467,0.314975845410628,0.1841216216216216,0.0863697705802968,0.1306413301662707,0.2124898621248986,,,
gabor_svm,few2,44,2.0,0.0010968480000883,complete,1.0,scale,0.3249309967870361,0.2618611487552433,0.1950634147141825,0.2673248042830571,0.3261838440111421,0.7107623318385651,0.1487603305785124,0.1091445427728613,0.5283911671924291,0.144927536231884,0.081081081081081,0.1066126855600539,0.1163895486935867,0.4598540145985401,,,
svm_tuned,few2,44,2.0,0.0874930079999103,complete,1000.0,0.001,0.3896966163330835,0.328579148217506,0.2541323164193782,0.3488127609976457,0.3664345403899721,0.7361733931240658,0.2727272727272727,0.3097345132743362,0.9716088328075708,0.221256038647343,0.1570945945945946,0.0472334682860998,0.2280285035629453,0.1954582319545823,0.3896966163330835,,
nearest_centroid,few2,44,2.0,0.0011228260000279,complete,,,0.3476054138617409,0.2818354807888167,0.1978750687406019,0.2972460895012267,0.3573816155988858,0.7914798206278026,0.0684769775678866,0.2064896755162241,0.6419558359621451,0.1526570048309178,0.1486486486486486,0.0863697705802968,0.0641330166270783,0.5150040551500406,,,
pmd_l3,few2,44,2.0,0.0059166990004086,complete,,,0.2652507889105381,0.2062125524788524,0.0,0.2706354638201352,0.2529247910863509,0.0194319880418535,0.9787485242030696,0.2182890855457227,0.0157728706624605,0.0734299516908212,0.6773648648648649,0.0,0.1947743467933491,0.2579075425790754,,,
gabor_svm,few5,44,5.0,0.0013579739998021,complete,1.0,scale,0.5026405382519947,0.4343251200099733,0.3437000654040799,0.4379999891610396,0.4972144846796657,0.7922272047832586,0.9834710743801652,0.0648967551622418,0.416403785488959,0.3632850241545893,0.1486486486486486,0.4480431848852901,0.3681710213776722,0.356853203568532,,,
svm_tuned,few5,44,5.0,0.1036644690002503,complete,100.0,0.001,0.5519844207874267,0.4939769182709932,0.3900337069766156,0.5061628812093238,0.5653203342618385,0.8004484304932735,0.9763872491145218,0.1445427728613569,0.9305993690851736,0.3101449275362319,0.1047297297297297,0.5654520917678812,0.2114014251781472,0.5117599351175993,0.5519844207874267,,
nearest_centroid,few5,44,5.0,0.0010194650003541,complete,,,0.4213004815781002,0.4250388574169291,0.3287924549686762,0.4342584641497382,0.5103064066852367,0.8565022421524664,0.9881936245572608,0.168141592920354,0.3817034700315457,0.2869565217391304,0.0709459459459459,0.184885290148448,0.3586698337292161,0.6123276561232766,,,
pmd_l3,few5,44,5.0,0.0097054699999716,complete,,,0.3076986181584433,0.2306936421295513,0.1418518298716269,0.2938180638893413,0.2935933147632312,0.038863976083707,1.0,0.3333333333333333,0.3406940063091482,0.0231884057971014,0.3158783783783784,0.0229419703103913,0.0617577197149643,0.5077047850770479,,,
gabor_svm,few10,44,10.0,0.0016916849999688,complete,1.0,scale,0.570204592498153,0.4881911404474686,0.3688182290275349,0.4851784958832785,0.5501392757660167,0.8572496263079222,0.9940968122786304,0.1297935103244837,0.7823343848580442,0.4251207729468599,0.152027027027027,0.5681511470985156,0.1163895486935867,0.3414436334144363,,,
svm_tuned,few10,44,10.0,0.1328218379994723,complete,1000.0,0.0001,0.6129129543060258,0.6438923913218709,0.6014938494868508,0.6617971767999519,0.6969359331476324,0.8736920777279522,0.9929161747343566,0.7551622418879056,0.7902208201892744,0.6231884057971014,0.2449324324324324,0.8124156545209177,0.2707838479809976,0.5928629359286294,0.6129129543060258,,
nearest_centroid,few10,44,10.0,0.0011094629999206,complete,,,0.4778870257503366,0.4631093645956096,0.380023640943392,0.5121774196794722,0.5391364902506964,0.9035874439461884,0.9976387249114522,0.7020648967551623,0.7082018927444795,0.3188405797101449,0.0557432432432432,0.5006747638326585,0.1543942992874109,0.2684509326845093,,,
pmd_l3,few10,44,10.0,0.0129282389998479,complete,,,0.321863597065144,0.2003616386808307,0.1118744672348623,0.2817407304901672,0.2345403899721448,0.0822122571001494,1.0,0.696165191740413,0.4905362776025236,0.0241545893719806,0.0152027027027027,0.0418353576248313,0.1401425178147268,0.0454176804541768,,,
gabor_svm,few20,44,20.0,0.0022637350002696,complete,1.0,scale,0.5798848292526732,0.4265348129452681,0.3304812231150893,0.4126507059083952,0.4675487465181058,0.9192825112107624,0.9964580873671782,0.1858407079646017,0.4700315457413249,0.2753623188405797,0.1841216216216216,0.2537112010796221,0.2327790973871734,0.1962692619626926,,,
svm_tuned,few20,44,20.0,0.194495654000093,complete,1000.0,0.001,0.6485099033758762,0.6529296244406599,0.598300543177592,0.6560879859045508,0.7213091922005571,0.9095665171898356,0.9940968122786304,0.3687315634218289,0.9022082018927444,0.714975845410628,0.3141891891891892,0.7341430499325237,0.2945368171021377,0.6723438767234388,0.6485099033758762,,
nearest_centroid,few20,44,20.0,0.0010528230004638,complete,,,0.4977078220140234,0.3949948496684555,0.2565967167420909,0.4589981140145592,0.4732590529247911,0.9013452914798208,0.9976387249114522,0.6814159292035398,0.7255520504731862,0.2888888888888888,0.0118243243243243,0.2537112010796221,0.2114014251781472,0.0592051905920519,,,
pmd_l3,few20,44,20.0,0.0221017189996928,complete,,,0.4146047285421215,0.2596546672616854,0.1964238492483608,0.3064454420454627,0.2871866295264624,0.1704035874439461,1.0,0.4365781710914454,0.5583596214511041,0.0338164251207729,0.0962837837837837,0.1997300944669365,0.0973871733966745,0.1654501216545012,,,
gabor_svm,few1,45,1.0,0.0013997189998917,complete,1.0,scale,0.366018511766328,0.3415205674132234,0.2195485656918847,0.3535635094399321,0.4137883008356546,0.8542600896860987,0.9940968122786304,0.1238938053097345,0.3832807570977918,0.2077294685990338,0.0320945945945945,0.3643724696356275,0.0950118764845605,0.1273317112733171,,,
svm_tuned,few1,45,1.0,0.0836208000000624,complete,0.1,0.0001,0.366018511766328,0.3415205674132234,0.2195485656918847,0.3535635094399321,0.4137883008356546,0.8542600896860987,0.9940968122786304,0.1238938053097345,0.3832807570977918,0.2077294685990338,0.0320945945945945,0.3643724696356275,0.0950118764845605,0.1273317112733171,0.366018511766328,,
nearest_centroid,few1,45,1.0,0.0011234699995839,complete,,,0.366018511766328,0.3415205674132234,0.2195485656918847,0.3535635094399321,0.4137883008356546,0.8542600896860987,0.9940968122786304,0.1238938053097345,0.3832807570977918,0.2077294685990338,0.0320945945945945,0.3643724696356275,0.0950118764845605,0.1273317112733171,,,
gabor_svm,few2,45,2.0,0.001184806999845,complete,1.0,scale,0.3896327858553998,0.4078131548180029,0.3092359465317048,0.4350190289695829,0.4649025069637883,0.9043348281016442,0.9976387249114522,0.4985250737463126,0.4826498422712933,0.2415458937198067,0.054054054054054,0.4197031039136302,0.2161520190023753,0.1005677210056772,,,
svm_tuned,few2,45,2.0,0.0883148909997544,complete,1.0,0.1,0.4236263696006215,0.3952741550936189,0.2920458465416397,0.4379074854371194,0.4632311977715877,0.914050822122571,0.9893742621015348,0.504424778761062,0.5236593059936908,0.2154589371980676,0.0337837837837837,0.4156545209176788,0.2636579572446555,0.08110300081103,0.4236263696006215,,
nearest_centroid,few2,45,2.0,0.0009851559998423,complete,,,0.3428310629942542,0.3336784530383028,0.0,0.3711592100831928,0.4229805013927576,0.827354260089686,0.9976387249114522,0.0,0.4936908517350157,0.1893719806763285,0.1418918918918918,0.5344129554655871,0.1187648456057007,0.0373073803730738,,,
pmd_l3,few2,45,2.0,0.0053099429997018,complete,,,0.2325315546633618,0.2224202732835064,0.0,0.3269239463434221,0.2667130919220056,0.0784753363228699,0.9881936245572608,0.7079646017699115,0.9637223974763408,0.0028985507246376,0.1655405405405405,0.0188933873144399,0.0166270783847981,0.0,,,
gabor_svm,few5,45,5.0,0.001367057000607,complete,1.0,scale,0.4647510179439634,0.3550311744084883,0.2528691790967123,0.3762355544595369,0.4299442896935933,0.937219730941704,0.9905548996458088,0.1622418879056047,0.4384858044164038,0.1893719806763285,0.1351351351351351,0.3535762483130904,0.1211401425178147,0.0583941605839416,,,
svm_tuned,few5,45,5.0,0.1038167599999724,complete,100.0,0.01,0.4996506496260178,0.4085544095813314,0.2959636960630716,0.4575797915158208,0.4729805013927576,0.9506726457399104,0.975206611570248,0.6076696165191741,0.5220820189274448,0.1642512077294686,0.2364864864864864,0.4871794871794871,0.1543942992874109,0.0202757502027575,0.4996506496260178,,
nearest_centroid,few5,45,5.0,0.0011443319999671,complete,,,0.4440608583248531,0.3232867366733429,0.1991234137785699,0.3480982760940884,0.4093314763231198,0.9573991031390134,0.9940968122786304,0.0648967551622418,0.416403785488959,0.1314009661835748,0.1013513513513513,0.3198380566801619,0.1045130641330166,0.0429845904298459,,,
pmd_l3,few5,45,5.0,0.0098190030003024,complete,,,0.1470636946827422,0.1288338660445353,0.0,0.223021860470015,0.1675487465181058,0.0037369207772795,1.0,0.9646017699115044,0.0189274447949526,0.0,0.018581081081081,0.0013495276653171,0.0,0.0,,,
gabor_svm,few10,45,10.0,0.001576028999807,complete,1.0,scale,0.5506019007040889,0.4480450818675968,0.3849033503550247,0.4836612514597244,0.5082172701949861,0.8946188340807175,0.987012987012987,0.5693215339233039,0.6750788643533123,0.3246376811594202,0.1064189189189189,0.3832658569500675,0.2422802850356294,0.170316301703163,,,
svm_tuned,few10,45,10.0,0.1392055460000847,complete,100.0,0.01,0.6212784134102851,0.5200963458817337,0.5044726719175152,0.5487418543795114,0.5540389972144847,0.6180866965620329,0.9693034238488784,0.7020648967551623,0.6750788643533123,0.5545893719806764,0.2195945945945946,0.4993252361673414,0.33729216152019,0.3633414436334144,0.6212784134102851,,
nearest_centroid,few10,45,10.0,0.0011414760001571,complete,,,0.4917448785813,0.3991094895787988,0.3279005775065693,0.448798337025894,0.4676880222841225,0.9446935724962632,0.9940968122786304,0.672566371681416,0.389589905362776,0.2685990338164251,0.1047297297297297,0.3076923076923077,0.2850356294536817,0.0721816707218167,,,
pmd_l3,few10,45,10.0,0.0140770260004501,complete,,,0.1658186539292053,0.1007822445961729,0.0,0.233248809793242,0.177158774373259,0.0261584454409566,1.0,0.9587020648967552,0.0347003154574132,0.0,0.0219594594594594,0.0013495276653171,0.0498812351543943,0.0064882400648824,,,
gabor_svm,few20,45,20.0,0.0026620920007189,complete,1.0,scale,0.5862257749930503,0.5100935605138618,0.4752924738297812,0.5252917558967268,0.5614206128133705,0.9020926756352764,0.9834710743801652,0.56047197640118,0.5410094637223974,0.3719806763285024,0.2516891891891892,0.446693657219973,0.2874109263657957,0.3828061638280616,,,
svm_tuned,few20,45,20.0,0.2165942819992778,complete,100.0,0.01,0.6810471431546872,0.6238668894987941,0.5991020311964971,0.6305920715922578,0.672841225626741,0.7772795216741405,0.9716646989374262,0.4896755162241888,0.7681388012618297,0.633816425120773,0.3141891891891892,0.6437246963562753,0.4085510688836104,0.6682887266828873,0.6810471431546872,,
nearest_centroid,few20,45,20.0,0.0011773229998652,complete,,,0.4940715863840951,0.4223361103890663,0.3484399490088645,0.4415903916977333,0.4853760445682451,0.9170403587443946,0.987012987012987,0.2005899705014749,0.6766561514195584,0.2995169082125604,0.1891891891891892,0.3036437246963562,0.2660332541567696,0.1346309813463098,,,
pmd_l3,few20,45,20.0,0.0233990789993185,complete,,,0.2041593794991016,0.1015332418742287,0.0,0.2320483803614674,0.1796657381615599,0.0433482810164424,1.0,0.952802359882006,0.0252365930599369,0.0202898550724637,0.0118243243243243,0.0,0.0308788598574821,0.0040551500405515,,,
gabor_svm,few1,46,1.0,0.0016795269993963,complete,1.0,scale,0.3853844857383356,0.3441029665329335,0.0,0.3472177555270863,0.3796657381615599,0.4342301943198804,0.9563164108618654,0.3569321533923303,0.4779179810725552,0.293719806763285,0.0,0.1551956815114709,0.0783847980997624,0.3722627737226277,,,
svm_tuned,few1,46,1.0,0.0920565380001789,complete,0.1,0.0001,0.3853844857383356,0.3441029665329335,0.0,0.3472177555270863,0.3796657381615599,0.4342301943198804,0.9563164108618654,0.3569321533923303,0.4779179810725552,0.293719806763285,0.0,0.1551956815114709,0.0783847980997624,0.3722627737226277,0.3853844857383356,,
nearest_centroid,few1,46,1.0,0.001334900999609,complete,,,0.3853844857383356,0.3441029665329335,0.0,0.3472177555270863,0.3796657381615599,0.4342301943198804,0.9563164108618654,0.3569321533923303,0.4779179810725552,0.293719806763285,0.0,0.1551956815114709,0.0783847980997624,0.3722627737226277,,,
gabor_svm,few2,46,2.0,0.0015775399997437,complete,1.0,scale,0.4418632408273225,0.3564268155907088,0.2265667128307635,0.374676995511944,0.4384401114206128,0.8819133034379671,0.9846517119244392,0.0855457227138643,0.4858044164037854,0.2743961352657005,0.0236486486486486,0.3643724696356275,0.1306413301662707,0.1411192214111922,,,
svm_tuned,few2,46,2.0,0.0916444260001299,complete,10.0,0.01,0.4963777777041436,0.4077909897700821,0.2751821305092882,0.4160243335538418,0.4867688022284122,0.8639760837070254,0.975206611570248,0.1651917404129793,0.4842271293375394,0.3217391304347826,0.0456081081081081,0.5263157894736842,0.0570071258907363,0.3049472830494728,0.4963777777041436,,
nearest_centroid,few2,46,2.0,0.0010581080005067,complete,,,0.4555892276036455,0.4144711702498067,0.2843297813450315,0.4376770101325681,0.4788300835654596,0.85949177877429,0.9763872491145218,0.2536873156342183,0.7097791798107256,0.2579710144927536,0.0523648648648648,0.6356275303643725,0.1021377672209026,0.0916463909164639,,,
pmd_l3,few2,46,2.0,0.0061785779998899,complete,,,0.1907519910473732,0.1456012771910932,0.0,0.2229813848464964,0.2233983286908078,0.0889387144992526,1.0,0.103244837758112,0.0,0.0,0.3260135135135135,0.3873144399460189,0.002375296912114,0.0989456609894566,,,
gabor_svm,few5,46,5.0,0.0015019699994809,complete,1.0,scale,0.473338711269187,0.450608491880078,0.3785971387329049,0.452663765096969,0.5098885793871867,0.8482810164424515,0.9787485242030696,0.1445427728613569,0.4621451104100946,0.2599033816425121,0.3429054054054054,0.5033738191632928,0.1828978622327791,0.3511759935117599,,,
svm_tuned,few5,46,5.0,0.1111335429995961,complete,10.0,0.1,0.5492984309287149,0.4689797037497419,0.4159875190929659,0.4681412963898974,0.5146239554317549,0.7346786248131539,0.9645808736717828,0.168141592920354,0.3154574132492113,0.4328502415458937,0.3783783783783784,0.562753036437247,0.3206650831353919,0.3357664233576642,0.5492984309287149,,
nearest_centroid,few5,46,5.0,0.0010993320001944,complete,,,0.4132319470569268,0.4459867930986663,0.3672617497834387,0.4575927483860699,0.4973537604456824,0.7488789237668162,0.9893742621015348,0.2271386430678466,0.4242902208201893,0.1227053140096618,0.402027027027027,0.7165991902834008,0.1377672209026128,0.3495539334955393,,,
pmd_l3,few5,46,5.0,0.009949640000741,complete,,,0.1776907077831907,0.1827211043056366,0.0,0.2605844049648185,0.2486072423398328,0.0007473841554559,1.0,0.1268436578171091,0.0063091482649842,0.2695652173913043,0.6097972972972973,0.3238866396761133,0.0,0.008110300081103,,,
gabor_svm,few10,46,10.0,0.0019024350003746,complete,1.0,scale,0.5606303985387271,0.4914496179473933,0.4077971233453106,0.4981357348062569,0.5601671309192201,0.8385650224215246,0.9964580873671782,0.1533923303834808,0.4227129337539432,0.3207729468599034,0.4121621621621621,0.7827260458839406,0.1306413301662707,0.4257907542579075,,,
svm_tuned,few10,46,10.0,0.1422415269998964,complete,100.0,0.001,0.608530605661872,0.555602399379111,0.4783470034909917,0.5587457955151817,0.6137883008356546,0.8490284005979073,0.9846517119244392,0.2005899705014749,0.7476340694006309,0.4454106280193237,0.3226351351351351,0.8502024291497976,0.1995249406175772,0.4290348742903487,0.608530605661872,,
nearest_centroid,few10,46,10.0,0.0011520460002429,complete,,,0.4259458794497583,0.5200652864825874,0.4501865763603098,0.5306089716239171,0.5569637883008357,0.7937219730941704,0.9905548996458088,0.4306784660766962,0.7523659305993691,0.1584541062801932,0.3547297297297297,0.7017543859649122,0.1852731591448931,0.4079480940794809,,,
pmd_l3,few10,46,10.0,0.0140114929999981,complete,,,0.343980435105729,0.2259875062918369,0.134164353329981,0.2712372356018888,0.2661559888579387,0.0859491778774289,1.0,0.2241887905604719,0.1104100946372239,0.3439613526570048,0.4594594594594595,0.1767881241565452,0.007125890736342,0.0332522303325223,,,
gabor_svm,few20,46,20.0,0.0033613929999773,complete,1.0,scale,0.6001011937679079,0.4724305651210725,0.3668459352026768,0.4801518014431032,0.5384401114206128,0.8445440956651719,0.9976387249114522,0.0589970501474926,0.4952681388012618,0.3884057971014493,0.2702702702702703,0.7746288798920378,0.2280285035629453,0.2635847526358475,,,
svm_tuned,few20,46,20.0,0.2177511050003886,complete,1000.0,0.001,0.680795320698906,0.5758032620638347,0.5245320947481042,0.5874451598395486,0.6232590529247911,0.6846038863976084,0.9929161747343566,0.3834808259587021,0.8675078864353313,0.5603864734299517,0.2314189189189189,0.8218623481781376,0.2541567695961995,0.4906731549067315,0.680795320698906,,
nearest_centroid,few20,46,20.0,0.0012085920006938,complete,,,0.485970915295134,0.4571647445325832,0.3401801748251064,0.5259251618176035,0.5263231197771587,0.8923766816143498,0.9893742621015348,0.7168141592920354,0.8690851735015773,0.1082125603864734,0.0456081081081081,0.7516869095816464,0.2304038004750593,0.129764801297648,,,
pmd_l3,few20,46,20.0,0.0239661870000418,complete,,,0.351455396489491,0.2525748108340129,0.0,0.3387042821794448,0.305849582172702,0.030642750373692,1.0,0.1327433628318584,0.6451104100946372,0.1971014492753623,0.8581081081081081,0.1740890688259109,0.0,0.0105433901054339,,,
yolo11n,few10,42,,,complete,,,,0.6999293957432644,0.701694134736377,0.7314882421325004,0.7295264623955432,0.906576980568012,0.8240850059031877,0.8112094395280236,0.9605678233438486,0.5140096618357488,0.8969594594594594,0.7530364372469636,0.38004750593824227,0.5369018653690186,,,25.0
yolo11n,few10,43,,,complete,,,,0.6841586025098076,0.6812005968016246,0.7143421686080651,0.7147632311977716,0.9013452914798207,0.987012987012987,0.7905604719764012,0.9605678233438486,0.6115942028985507,0.7043918918918919,0.6666666666666666,0.4014251781472684,0.40551500405515006,,,20.0
yolo11n,few10,44,,,complete,,,,0.6990917402455339,0.6913212304879666,0.7151991137477504,0.7395543175487466,0.882660687593423,0.9834710743801653,0.6283185840707964,0.8911671924290221,0.7777777777777778,0.38513513513513514,0.6828609986504723,0.6247030878859857,0.5806974858069749,,,22.0
yolo11n,few10,45,,,complete,,,,0.7185865844650487,0.7187122883964049,0.7462830342683272,0.7551532033426184,0.9491778774289985,0.9279811097992916,0.9351032448377581,0.9652996845425867,0.6260869565217392,0.7212837837837838,0.5344129554655871,0.4156769596199525,0.6415247364152473,,,31.0
yolo11n,few10,46,,,complete,,,,0.736973640446254,0.7225402667519706,0.7444568219280628,0.7686629526462395,0.9103139013452914,0.9586776859504132,0.6637168141592921,0.9589905362776026,0.6859903381642513,0.39864864864864863,0.7530364372469636,0.66270783847981,0.708029197080292,,,27.0
yolo11n_random,few10,42,,,complete,,,,0.4286087432196067,0.0,0.4960667923498023,0.5420612813370473,0.9289985052316891,0.987012987012987,0.5545722713864307,0.9700315457413249,0.16618357487922705,0.21114864864864866,0.17139001349527666,0.0,0.47526358475263586,,,45.0
yolo11n_random,few10,43,,,complete,,,,0.023448638622427086,0.0,0.1111111111111111,0.117966573816156,0.0,1.0,0.0,0.0,0.0,0.0,0.0,0.0,0.0,,,9.0
yolo11n_random,few10,44,,,complete,,,,0.5016488313506543,0.40673487656753715,0.539658758583037,0.593175487465181,0.9267563527653214,1.0,0.24188790560471976,0.9384858044164038,0.7835748792270532,0.2972972972972973,0.07152496626180836,0.34679334916864607,0.25060827250608275,,,43.0
yolo11n_random,few10,45,,,complete,,,,0.020788620965366326,0.0,0.1111111111111111,0.1032033426183844,0.0,0.0,0.0,0.0,0.0,0.0,1.0,0.0,0.0,,,9.0
yolo11n_random,few10,46,,,complete,,,,0.020788620965366326,0.0,0.1111111111111111,0.1032033426183844,0.0,0.0,0.0,0.0,0.0,0.0,1.0,0.0,0.0,,,9.0
yolo11n,few1,42,,,complete,,,,0.41299403280600977,0.34299833640190797,0.4298665089452578,0.47284122562674097,0.9080717488789237,0.5997638724911453,0.528023598820059,0.61198738170347,0.4821256038647343,0.2652027027027027,0.1214574898785425,0.09263657957244656,0.259529602595296,,,30.0
yolo11n,few1,43,,,complete,,,,0.3335957922940882,0.28100495077342796,0.4189370816859734,0.40793871866295267,0.882660687593423,0.0590318772136954,0.5073746312684366,0.9936908517350158,0.08792270531400966,0.5996621621621622,0.2739541160593792,0.2517814726840855,0.11435523114355231,,,44.0
yolo11n,few1,44,,,complete,,,,0.4840540063612445,0.43092294237653384,0.4934244273180337,0.5196378830083566,0.7593423019431988,0.7414403778040142,0.26843657817109146,0.9826498422712934,0.23768115942028986,0.43074324324324326,0.44804318488529016,0.2042755344418052,0.3682076236820762,,,22.0
yolo11n,few1,45,,,complete,,,,0.35679029372089677,0.2972669531715422,0.4229740606133949,0.3725626740947075,0.4701046337817638,0.8713105076741441,0.9144542772861357,0.6293375394321766,0.08599033816425121,0.24324324324324326,0.23481781376518218,0.30641330166270786,0.051094890510948905,,,34.0
yolo11n,few1,46,,,complete,,,,0.48959337378042567,0.40960995186445076,0.51333905364949,0.5371866295264623,0.5403587443946188,0.564344746162928,0.6932153392330384,0.9589905362776026,0.6048309178743961,0.0625,0.2321187584345479,0.2589073634204275,0.7047850770478508,,,48.0
yolo11n_random,few1,42,,,complete,,,,0.023448638622427086,0.0,0.1111111111111111,0.117966573816156,0.0,1.0,0.0,0.0,0.0,0.0,0.0,0.0,0.0,,,9.0
yolo11n_random,few1,43,,,complete,,,,0.01001906281863723,0.0,0.1111111111111111,0.04721448467966574,0.0,0.0,1.0,0.0,0.0,0.0,0.0,0.0,0.0,,,9.0
yolo11n_random,few1,44,,,complete,,,,0.016926859953108022,0.0,0.1111111111111111,0.08245125348189415,0.0,0.0,0.0,0.0,0.0,1.0,0.0,0.0,0.0,,,9.0
yolo11n_random,few1,45,,,complete,,,,0.020788620965366326,0.0,0.1111111111111111,0.1032033426183844,0.0,0.0,0.0,0.0,0.0,0.0,1.0,0.0,0.0,,,9.0
yolo11n_random,few1,46,,,complete,,,,0.023448638622427086,0.0,0.1111111111111111,0.117966573816156,0.0,1.0,0.0,0.0,0.0,0.0,0.0,0.0,0.0,,,9.0
yolo11n,few20,42,,,complete,,,,0.7190411938624501,0.6948245318539815,0.7234542781898605,0.7472144846796658,0.8863976083707026,0.9456906729634003,0.5162241887905604,0.889589905362776,0.7140096618357488,0.8209459459459459,0.835357624831309,0.3919239904988123,0.5109489051094891,,,28.0
yolo11n,few20,43,,,complete,,,,0.745417998663621,0.7312975225249638,0.7677210302946369,0.7930362116991644,0.9581464872944694,0.9858323494687131,0.7522123893805309,0.9211356466876972,0.8367149758454107,0.7212837837837838,0.8758434547908233,0.32304038004750596,0.5352798053527981,,,21.0
yolo11n,few20,44,,,complete,,,,0.7429799561240779,0.7235285566529194,0.7545329553332323,0.7926183844011142,0.9491778774289985,0.987012987012987,0.528023598820059,0.9148264984227129,0.7623188405797101,0.8614864864864865,0.7773279352226721,0.36342042755344417,0.6472019464720195,,,30.0
yolo11n,few20,45,,,complete,,,,0.8022425386658085,0.7939908389951507,0.8171173540795785,0.8356545961002786,0.9581464872944694,0.9445100354191264,0.9587020648967551,0.9526813880126183,0.9053140096618357,0.7922297297297297,0.7139001349527665,0.4156769596199525,0.7128953771289538,,,31.0
yolo11n,few20,46,,,complete,,,,0.7503070150690695,0.7352963881586649,0.7655043255409485,0.794150417827298,0.906576980568012,0.9881936245572609,0.5427728613569321,0.9589905362776026,0.8801932367149758,0.785472972972973,0.8771929824561403,0.4156769596199525,0.5344687753446877,,,27.0
yolo11n_random,few20,42,,,complete,,,,0.3887208092259684,0.20241637982384036,0.48268344132323077,0.48885793871866295,0.9125560538116592,1.0,0.9646017699115044,0.88801261829653,0.23091787439613526,0.12331081081081081,0.07152496626180836,0.0023752969121140144,0.15085158150851583,,,27.0
yolo11n_random,few20,43,,,complete,,,,0.3422421223216776,0.0,0.4184016995377531,0.43008356545961,0.7339312406576981,1.0,0.5899705014749262,0.613564668769716,0.44154589371980674,0.25844594594594594,0.018893387314439947,0.10926365795724466,0.0,,,34.0
yolo11n_random,few20,44,,,complete,,,,0.4983254723939068,0.37504227620634795,0.523747075357136,0.5735376044568246,0.8505231689088192,1.0,0.035398230088495575,0.8958990536277602,0.5323671497584541,0.5743243243243243,0.16194331983805668,0.33966745843230406,0.3236009732360097,,,35.0
yolo11n_random,few20,45,,,complete,,,,0.4566148788711896,0.4042170368962796,0.5049112996259607,0.5352367688022284,0.9715994020926756,1.0,0.6283185840707964,0.582018927444795,0.18937198067632852,0.5016891891891891,0.13765182186234817,0.171021377672209,0.36253041362530414,,,38.0
yolo11n_random,few20,46,,,complete,,,,0.34578174247996374,0.17148234146736013,0.41017780041098695,0.4722841225626741,0.8617339312406577,1.0,0.41887905604719766,0.610410094637224,0.4599033816425121,0.02027027027027027,0.0310391363022942,0.007125890736342043,0.2822384428223844,,,22.0
yolo11n,few2,42,,,complete,,,,0.556659376872087,0.521567168031893,0.589772550865442,0.6075208913649025,0.9588938714499252,0.7284533648170012,0.8466076696165191,0.9700315457413249,0.5420289855072464,0.2922297297297297,0.24561403508771928,0.30641330166270786,0.41768045417680455,,,34.0
yolo11n,few2,43,,,complete,,,,0.42680107729465183,0.34429737641408825,0.5016423026154399,0.4668523676880223,0.8423019431988041,0.3482880755608028,0.6696165191740413,0.8359621451104101,0.028019323671497585,0.518581081081081,0.7260458839406208,0.46080760095011875,0.0851581508515815,,,42.0
yolo11n,few2,44,,,complete,,,,0.4506913785790789,0.4095585752046855,0.46768569872820287,0.48844011142061283,0.7638266068759342,0.4462809917355372,0.4424778761061947,0.9858044164037855,0.4570048309178744,0.1554054054054054,0.4116059379217274,0.26128266033254155,0.28548256285482565,,,42.0
yolo11n,few2,45,,,complete,,,,0.5168145674469447,0.4936227965001399,0.5737492608873245,0.5409470752089136,0.8288490284005979,0.6351829988193625,0.9144542772861357,0.9384858044164038,0.30917874396135264,0.46114864864864863,0.5762483130904184,0.3752969121140142,0.12489862124898621,,,38.0
yolo11n,few2,46,,,complete,,,,0.5643755240217742,0.5297659977804391,0.596692670783153,0.6030640668523677,0.7929745889387145,0.9492325855962219,0.7492625368731564,0.9700315457413249,0.5478260869565217,0.21452702702702703,0.5182186234817814,0.3159144893111639,0.3122465531224655,,,50.0
yolo11n_random,few2,42,,,complete,,,,0.03490647256789544,0.0,0.1111111111111111,0.18635097493036212,1.0,0.0,0.0,0.0,0.0,0.0,0.0,0.0,0.0,,,9.0
yolo11n_random,few2,43,,,complete,,,,0.01001906281863723,0.0,0.1111111111111111,0.04721448467966574,0.0,0.0,1.0,0.0,0.0,0.0,0.0,0.0,0.0,,,9.0
yolo11n_random,few2,44,,,complete,,,,0.016926859953108022,0.0,0.1111111111111111,0.08245125348189415,0.0,0.0,0.0,0.0,0.0,1.0,0.0,0.0,0.0,,,9.0
yolo11n_random,few2,45,,,complete,,,,0.012308322004414625,0.0,0.1111111111111111,0.05863509749303621,0.0,0.0,0.0,0.0,0.0,0.0,0.0,1.0,0.0,,,9.0
yolo11n_random,few2,46,,,complete,,,,0.02799756542909312,0.0,0.1111111111111111,0.14415041782729804,0.0,0.0,0.0,0.0,1.0,0.0,0.0,0.0,0.0,,,9.0
yolo11n,few5,42,,,complete,,,,0.5948658914940835,0.5755671524668122,0.6348377672324897,0.6293871866295264,0.9267563527653214,0.8795749704840614,0.911504424778761,0.9589905362776026,0.41642512077294686,0.5962837837837838,0.2968960863697706,0.3491686460807601,0.37793998377939986,,,39.0
yolo11n,few5,43,,,complete,,,,0.5419885723124938,0.48176969278761217,0.5797759522451532,0.5760445682451254,0.8557548579970105,0.8961038961038961,0.5663716814159292,0.9242902208201893,0.10434782608695652,0.7280405405405406,0.5775978407557355,0.2589073634204275,0.30656934306569344,,,29.0
yolo11n,few5,44,,,complete,,,,0.6074458055300647,0.5459526098884661,0.6273546496908812,0.633983286908078,0.772795216741405,0.948051948051948,0.5634218289085545,0.7602523659305994,0.553623188405797,0.11148648648648649,0.8960863697705803,0.669833729216152,0.3706407137064071,,,34.0
yolo11n,few5,45,,,complete,,,,0.5765883699579525,0.5195833446963758,0.6335094482082814,0.6268802228412256,0.9170403587443946,0.9799291617473436,0.8407079646017699,0.9479495268138801,0.28888888888888886,0.8885135135135135,0.4156545209176788,0.1187648456057007,0.30413625304136255,,,25.0
yolo11n,few5,46,,,complete,,,,0.6430554947116899,0.5771042607746623,0.6541937624908943,0.6881615598885794,0.8572496263079222,0.9905548996458088,0.48672566371681414,0.9274447949526814,0.5024154589371981,0.125,0.6342780026990553,0.669833729216152,0.6942416869424168,,,35.0
yolo11n_random,few5,42,,,complete,,,,0.020788620965366326,0.0,0.1111111111111111,0.1032033426183844,0.0,0.0,0.0,0.0,0.0,0.0,1.0,0.0,0.0,,,9.0
yolo11n_random,few5,43,,,complete,,,,0.01803031595711401,0.0,0.1111111111111111,0.0883008356545961,0.0,0.0,0.0,1.0,0.0,0.0,0.0,0.0,0.0,,,9.0
yolo11n_random,few5,44,,,complete,,,,0.032568643765600855,0.0,0.1111111111111111,0.17172701949860725,0.0,0.0,0.0,0.0,0.0,0.0,0.0,0.0,1.0,,,9.0
yolo11n_random,few5,45,,,complete,,,,0.020788620965366326,0.0,0.1111111111111111,0.1032033426183844,0.0,0.0,0.0,0.0,0.0,0.0,1.0,0.0,0.0,,,9.0
yolo11n_random,few5,46,,,complete,,,,0.023448638622427086,0.0,0.1111111111111111,0.117966573816156,0.0,1.0,0.0,0.0,0.0,0.0,0.0,0.0,0.0,,,9.0
